OrderID,ProductID,ProductName,Category,Brand,Price,Cost,Discount,Quantity,Revenue,CustomerID,CustomerAge,CustomerGender,CustomerRegion,PaymentMethod,OrderDate,ShipDate,DeliveryDays,ReturnFlag,WarrantyYears,StockLevel,SupplierID,SupplierRegion,StoreID,StoreRegion,OnlineOrder,Rating,ReviewCount,PromotionFlag,HolidaySale,Tax,ShippingCost,NetProfit,Month,Year,Quarter,DayOfWeek,IsWeekend,CampaignID,AdClicks,AdImpressions,ConversionRate,CustomerSegment,LoyaltyPoints,CouponUsed,RefundAmount,DamageFlag,RestockFee,WarehouseID,InventoryTurnover,LeadTime,BackorderFlag,BundleSale,CrossSellFlag,UpSellFlag,ProductWeight,PackageVolume,EnergyRating,ManufactureYear,ModelNumber,ColorVariant,StorageCapacity,BatteryLife,ScreenSize,ProcessorType,RAMSize,OperatingSystem,WarrantyClaims,ServiceRequests,RepairCost,ReturnReasonCode,FraudFlag,GeoLatitude,GeoLongitude,DeliveryPartner,DeliveryRating,CustomerSatisfaction,RepeatCustomer
103,900,TypeA,TypeB,TypeD,547,78,329,1,940,391,332,TypeC,TypeC,TypeD,2025-11-24,2025-10-11,334,287,615,652,888,445,372,TypeB,0,343,974,1,0,861,88,514,252,794,318,833,106,825,25,751,591,TypeB,558,1,175,0,197,488,286,271,0,1,0,0,928,886,689,483,32,TypeC,737,736,379,TypeC,861,TypeA,249,167,132,684,0,-69.61144444835656,66.17549064964021,TypeD,269,124,0
436,734,TypeC,TypeB,TypeD,253,730,785,831,867,782,170,TypeD,TypeC,TypeA,2025-02-27,2025-05-21,893,303,552,859,766,425,486,TypeB,0,947,384,0,0,980,194,636,619,305,736,64,181,308,789,836,72,TypeD,963,0,900,0,735,352,989,601,1,1,1,1,27,336,387,397,289,TypeB,513,273,722,TypeD,617,TypeD,749,713,356,936,1,49.11850394343327,-48.13774663377086,TypeC,840,19,1
861,485,TypeA,TypeC,TypeA,390,813,777,950,500,335,521,TypeA,TypeB,TypeB,2025-01-13,2025-11-11,964,311,785,488,536,161,434,TypeA,1,899,260,0,1,693,104,792,549,451,369,839,184,649,984,808,263,TypeB,193,1,691,1,89,701,534,215,1,0,1,0,732,640,970,394,638,TypeB,819,910,206,TypeC,612,TypeB,805,646,54,870,1,-1.4637920549027825,19.385262629569453,TypeB,696,257,1
271,407,TypeA,TypeA,TypeA,594,923,971,567,506,629,463,TypeC,TypeD,TypeD,2025-05-21,2025-04-24,373,208,101,770,162,178,646,TypeC,0,554,414,0,1,91,783,586,335,7,384,260,226,694,889,187,703,TypeD,895,1,597,1,799,928,459,444,1,0,1,1,530,173,389,75,579,TypeC,773,232,466,TypeA,602,TypeC,134,723,890,47,0,51.17036669182244,-17.519182514280388,TypeA,773,296,0
107,231,TypeB,TypeD,TypeC,883,73,911,371,854,519,40,TypeD,TypeA,TypeC,2025-05-06,2025-12-22,564,618,359,374,670,629,211,TypeA,0,354,991,1,1,82,96,166,92,314,62,193,777,367,890,720,879,TypeA,58,1,451,1,434,256,212,790,1,0,0,0,679,547,218,978,542,TypeC,13,420,732,TypeA,927,TypeC,321,48,793,94,1,15.106777055593426,-52.58813014446318,TypeB,268,928,0
72,749,TypeD,TypeC,TypeD,256,794,920,936,364,137,537,TypeB,TypeD,TypeC,2025-04-25,2025-06-13,494,446,380,781,594,708,572,TypeA,0,416,358,1,0,324,423,22,530,817,806,655,790,1,901,732,887,TypeD,437,0,557,0,788,222,126,512,1,1,0,0,945,259,701,482,114,TypeD,915,768,280,TypeC,812,TypeC,390,638,387,940,0,-75.16201103658166,56.413240841642335,TypeC,169,22,1
701,655,TypeB,TypeC,TypeA,709,249,550,911,280,883,261,TypeC,TypeA,TypeB,2025-03-13,2025-12-16,539,670,820,693,915,895,940,TypeD,1,109,75,1,0,961,891,154,866,103,505,616,909,44,70,912,942,TypeA,111,1,136,0,748,884,413,447,1,0,0,1,989,888,981,103,204,TypeC,908,442,648,TypeB,444,TypeA,434,239,265,560,0,47.817420606932956,43.70962976382424,TypeD,771,880,1
21,171,TypeB,TypeD,TypeC,815,47,419,661,593,688,395,TypeA,TypeC,TypeB,2025-02-22,2025-07-15,669,633,221,160,159,490,377,TypeD,1,563,355,1,1,114,198,939,63,821,239,972,89,739,625,190,575,TypeB,129,0,855,1,183,753,499,986,1,1,1,0,82,517,346,297,29,TypeD,560,496,618,TypeD,332,TypeD,22,7,982,752,0,-77.43609271894505,29.086391872667775,TypeD,739,989,0
615,541,TypeB,TypeB,TypeD,921,121,606,431,714,840,955,TypeA,TypeA,TypeA,2025-12-13,2025-09-26,751,55,820,351,188,327,395,TypeA,0,762,584,0,0,769,1,439,662,193,195,406,688,843,875,388,892,TypeD,849,1,16,0,209,781,425,993,0,1,0,1,428,730,230,178,643,TypeB,921,24,118,TypeB,503,TypeB,873,464,215,859,0,-3.8336902975201923,-47.45941375162479,TypeB,33,450,0
122,36,TypeB,TypeC,TypeB,450,214,95,969,158,498,226,TypeC,TypeC,TypeB,2025-10-07,2025-03-05,156,912,420,912,60,598,450,TypeC,0,497,771,1,0,58,407,295,512,753,678,726,530,98,112,429,12,TypeB,706,1,333,1,493,1,554,715,1,1,1,0,584,523,255,215,474,TypeA,825,109,237,TypeD,913,TypeA,600,453,460,213,1,-58.97714145390661,-72.38573951103899,TypeB,377,552,0
467,525,TypeC,TypeB,TypeC,10,239,817,309,632,827,984,TypeC,TypeD,TypeA,2025-02-14,2025-04-27,291,12,124,288,915,289,943,TypeD,0,341,910,0,0,154,378,219,139,574,963,754,371,720,364,858,141,TypeD,925,1,195,0,130,546,610,74,1,0,0,0,822,894,236,967,697,TypeA,371,703,309,TypeA,79,TypeC,665,784,458,436,0,45.42033203601929,13.708679368673913,TypeA,214,550,1
215,160,TypeD,TypeA,TypeD,824,56,581,137,59,727,124,TypeA,TypeC,TypeA,2025-10-30,2025-06-24,648,657,422,288,817,593,364,TypeA,1,942,188,1,0,877,167,669,698,529,222,943,972,265,303,284,766,TypeA,852,0,496,1,665,446,961,537,0,0,1,0,479,839,26,315,253,TypeA,291,502,456,TypeA,585,TypeB,125,897,802,852,0,74.08642100510278,9.662010037098,TypeC,562,48,0
331,839,TypeA,TypeB,TypeD,798,350,318,202,727,477,975,TypeB,TypeD,TypeC,2025-08-05,2025-11-03,144,400,231,892,319,664,876,TypeA,1,383,973,0,0,404,509,495,185,171,61,721,936,800,471,864,555,TypeA,326,0,9,1,13,79,543,101,1,0,0,0,766,117,584,39,798,TypeA,332,859,900,TypeA,935,TypeC,79,371,43,508,0,9.74270940448936,-56.09069831972286,TypeB,440,695,1
459,699,TypeA,TypeA,TypeC,242,107,956,436,128,594,38,TypeD,TypeB,TypeC,2025-01-17,2025-05-03,106,908,690,226,878,573,457,TypeA,1,533,685,0,1,628,638,230,205,537,129,93,913,783,964,237,17,TypeD,8,1,828,1,634,236,158,176,1,1,1,0,162,184,261,259,905,TypeB,606,25,475,TypeD,938,TypeC,858,549,586,836,0,4.88651297385249,-79.87559502326896,TypeA,492,587,0
88,243,TypeD,TypeB,TypeB,251,831,236,313,736,223,328,TypeB,TypeB,TypeD,2025-01-16,2025-04-24,420,648,63,523,211,573,725,TypeA,0,300,992,0,1,855,313,20,772,251,990,430,399,140,91,194,63,TypeA,29,1,334,0,871,334,112,427,0,0,0,1,839,906,766,716,922,TypeA,261,187,100,TypeA,688,TypeA,968,487,862,651,1,47.51337533861124,-75.47247824508253,TypeB,393,721,1
373,86,TypeA,TypeC,TypeC,877,48,946,117,721,990,251,TypeC,TypeB,TypeC,2025-02-17,2025-02-12,670,980,485,522,406,354,728,TypeA,1,139,290,1,1,266,593,987,214,765,685,654,106,481,530,287,253,TypeB,112,0,333,1,732,889,402,117,1,1,0,0,932,874,271,7,386,TypeC,994,288,261,TypeA,396,TypeC,51,211,278,205,1,-89.0858136643691,88.69877757229207,TypeD,489,183,1
100,796,TypeD,TypeC,TypeD,5,573,334,666,882,372,901,TypeB,TypeC,TypeC,2025-04-22,2025-11-21,658,515,628,783,664,28,226,TypeA,0,359,45,0,1,315,418,553,256,387,992,434,271,237,661,771,465,TypeB,947,0,327,0,106,349,759,166,1,0,0,1,402,116,123,49,62,TypeC,790,628,993,TypeA,608,TypeB,728,165,838,381,1,75.19655567432892,51.045101053719065,TypeA,722,435,1
872,578,TypeA,TypeA,TypeA,119,337,885,937,115,935,176,TypeA,TypeB,TypeB,2025-04-30,2025-04-29,2,656,703,273,109,954,982,TypeD,0,836,573,0,1,715,763,950,135,207,156,404,975,974,988,758,376,TypeC,673,0,15,0,375,98,122,41,1,0,1,0,508,162,656,538,515,TypeA,871,338,305,TypeA,857,TypeC,176,125,754,73,0,-54.45921292359629,75.95774567373107,TypeA,946,107,1
664,682,TypeB,TypeD,TypeA,801,26,376,803,209,995,602,TypeC,TypeA,TypeC,2025-09-16,2025-01-24,945,542,574,936,76,43,131,TypeC,0,499,83,1,0,41,681,148,573,541,917,434,831,953,739,136,804,TypeA,131,1,839,0,582,82,273,429,1,1,0,1,38,579,257,161,430,TypeC,205,878,354,TypeB,103,TypeD,870,337,130,516,1,87.1413990887227,-54.8901499974546,TypeB,29,188,0
131,557,TypeA,TypeA,TypeC,374,804,459,575,526,402,914,TypeD,TypeD,TypeD,2025-11-05,2025-06-20,589,237,768,402,542,681,588,TypeA,1,385,123,0,0,105,477,108,875,629,378,112,503,904,726,792,981,TypeB,188,0,614,0,707,502,294,344,1,1,0,0,955,712,656,869,580,TypeD,697,914,286,TypeA,402,TypeC,253,192,350,76,1,42.525710632883204,82.90233653821832,TypeC,39,776,1
662,574,TypeD,TypeA,TypeD,65,257,137,244,521,443,454,TypeA,TypeD,TypeB,2025-01-14,2025-09-23,644,279,483,183,314,423,476,TypeB,0,604,358,1,0,901,73,403,822,416,622,929,679,72,872,783,520,TypeD,675,1,226,0,698,967,398,424,1,0,0,1,511,543,421,176,537,TypeB,687,37,328,TypeA,975,TypeA,966,730,706,841,0,49.36520658612079,-64.32221673483082,TypeD,859,86,1
309,953,TypeD,TypeB,TypeA,146,8,930,537,552,490,37,TypeA,TypeA,TypeD,2025-10-15,2025-05-29,90,348,519,969,998,598,798,TypeD,1,959,528,1,0,890,141,596,88,794,781,375,525,667,663,171,837,TypeA,709,0,425,0,99,477,471,366,0,0,0,1,393,587,259,591,691,TypeA,950,794,103,TypeB,224,TypeB,246,214,544,77,1,28.11653646724919,1.6347291419647973,TypeC,612,836,1
770,646,TypeD,TypeB,TypeD,224,625,588,602,962,615,316,TypeD,TypeC,TypeC,2025-04-12,2025-09-08,345,627,155,665,117,177,986,TypeD,1,280,66,0,1,193,582,483,836,380,923,59,849,190,192,159,90,TypeB,475,1,790,0,594,927,985,120,1,0,1,0,713,237,948,2,141,TypeA,387,137,63,TypeB,518,TypeA,739,574,106,816,0,-5.100627098671154,59.345223195071526,TypeA,173,843,0
344,796,TypeD,TypeA,TypeC,239,867,995,75,237,273,688,TypeD,TypeC,TypeD,2025-11-29,2025-10-06,350,104,92,488,927,529,277,TypeA,0,637,936,0,1,401,262,367,988,144,868,43,32,268,963,201,720,TypeA,364,1,408,1,587,704,207,609,1,1,0,0,494,839,47,895,743,TypeB,892,508,687,TypeD,634,TypeD,106,328,912,768,1,12.892984805009789,-27.03539618791571,TypeC,17,456,0
492,28,TypeD,TypeC,TypeA,177,253,547,806,281,526,973,TypeB,TypeD,TypeB,2025-12-26,2025-10-25,459,630,982,827,868,610,156,TypeD,0,483,657,1,1,278,340,834,207,25,903,207,393,321,552,487,804,TypeD,204,1,113,1,886,765,110,657,0,1,1,0,200,66,863,455,300,TypeC,821,227,282,TypeC,236,TypeC,193,957,716,410,1,-81.64748051727739,-13.530864028157907,TypeA,56,137,0
414,620,TypeC,TypeB,TypeD,779,692,513,386,359,159,796,TypeC,TypeB,TypeA,2025-10-07,2025-09-02,263,517,526,846,704,966,760,TypeA,1,909,375,0,0,354,308,414,129,822,790,780,40,107,242,557,796,TypeB,212,0,997,1,852,921,440,728,0,0,1,1,255,70,525,928,675,TypeB,468,320,441,TypeA,427,TypeA,316,381,1,614,1,22.312711697762566,-66.92668014616238,TypeC,226,858,0
806,556,TypeC,TypeD,TypeA,853,719,296,903,201,152,965,TypeD,TypeC,TypeD,2025-08-03,2025-09-07,351,980,455,124,19,494,218,TypeC,0,111,162,1,1,749,245,309,823,668,586,296,660,232,138,962,630,TypeC,621,0,428,0,192,550,278,229,1,0,1,1,179,809,888,644,311,TypeB,415,840,293,TypeA,116,TypeA,302,673,757,106,1,22.697658357668416,-67.8740616001849,TypeB,558,898,0
386,340,TypeA,TypeB,TypeC,282,303,320,210,758,995,973,TypeD,TypeC,TypeD,2025-04-23,2025-07-30,108,872,741,985,432,198,190,TypeC,1,866,746,1,0,937,515,802,3,73,999,118,218,42,345,776,861,TypeC,276,0,1,0,325,14,963,825,0,1,1,0,547,447,208,276,471,TypeC,69,916,738,TypeA,163,TypeA,548,578,584,845,0,70.41614353232569,21.522280460158726,TypeC,67,336,0
192,798,TypeD,TypeB,TypeD,63,639,918,475,278,620,593,TypeC,TypeA,TypeB,2025-08-18,2025-02-19,586,248,598,626,685,610,417,TypeD,0,139,380,1,1,733,337,918,974,632,437,532,731,702,180,583,175,TypeA,73,1,266,0,979,392,568,130,1,0,0,0,594,416,311,498,393,TypeB,472,182,7,TypeD,226,TypeA,954,798,432,551,0,1.0181443374394945,31.595826351610214,TypeA,197,607,1
956,958,TypeA,TypeD,TypeA,217,56,572,418,235,188,114,TypeD,TypeA,TypeB,2025-10-29,2025-12-08,39,364,645,790,740,577,981,TypeD,1,996,656,0,1,580,575,835,934,824,975,222,981,883,712,504,76,TypeD,679,1,491,0,726,347,887,352,1,1,1,1,389,532,747,629,642,TypeC,104,874,639,TypeA,230,TypeD,716,239,306,476,1,-76.11401266450902,49.919852534794785,TypeD,654,838,1
277,331,TypeD,TypeA,TypeC,854,726,832,347,494,813,40,TypeD,TypeB,TypeD,2025-05-23,2025-07-05,909,321,510,414,350,842,675,TypeB,1,435,358,1,0,709,561,134,754,833,207,166,82,139,503,876,613,TypeB,772,0,208,1,827,310,915,889,0,1,1,1,398,441,149,676,445,TypeC,758,86,936,TypeC,182,TypeD,934,532,909,826,0,-34.88473431322538,10.202769482715638,TypeD,835,757,1
161,640,TypeD,TypeD,TypeA,827,526,349,529,4,98,301,TypeB,TypeC,TypeC,2025-01-04,2025-08-03,159,633,183,980,183,853,692,TypeD,1,509,188,0,0,256,76,719,121,93,388,643,845,615,203,371,926,TypeD,243,1,622,0,956,386,569,318,1,1,1,0,732,738,834,800,758,TypeB,161,467,92,TypeB,249,TypeC,779,700,527,275,1,28.013294180577148,26.23667260703506,TypeD,23,469,0
460,506,TypeC,TypeA,TypeA,795,474,840,640,666,131,224,TypeA,TypeC,TypeD,2025-03-23,2025-02-03,583,286,386,725,113,517,546,TypeB,1,273,322,0,1,651,880,283,385,505,480,156,720,683,573,103,663,TypeB,787,1,712,1,467,209,940,984,1,1,1,1,158,946,438,28,809,TypeD,200,926,935,TypeD,318,TypeC,268,82,53,88,1,-46.933404704736496,-87.56689109405039,TypeA,999,602,1
314,348,TypeC,TypeA,TypeB,689,28,779,939,442,805,318,TypeA,TypeA,TypeB,2025-12-24,2025-12-07,959,149,574,172,183,514,41,TypeC,0,99,450,0,1,824,175,778,614,598,791,184,201,863,192,125,400,TypeA,102,1,952,0,894,357,482,649,0,1,0,0,4,464,155,333,172,TypeC,216,53,190,TypeB,965,TypeB,170,363,940,723,1,-39.50499206602783,-60.80926911530615,TypeC,606,571,1
22,473,TypeB,TypeA,TypeB,461,983,873,955,29,171,349,TypeA,TypeC,TypeA,2025-08-05,2025-02-21,312,84,731,288,481,22,307,TypeC,0,764,474,0,0,947,109,73,38,336,887,90,447,273,5,313,782,TypeB,987,0,369,1,367,974,803,836,0,1,0,0,167,921,678,1,576,TypeB,946,860,871,TypeA,210,TypeD,551,505,520,881,1,57.68442294495361,87.28465788304283,TypeD,754,403,0
253,231,TypeC,TypeD,TypeC,929,78,229,876,109,936,115,TypeA,TypeD,TypeA,2025-06-24,2025-08-01,241,966,405,435,146,112,943,TypeA,1,850,13,1,1,661,183,481,341,425,838,94,844,481,890,976,970,TypeD,685,1,985,0,318,601,114,337,0,0,1,0,468,396,90,188,31,TypeC,212,867,476,TypeA,656,TypeA,455,202,330,77,1,15.177551717287628,-76.32116886315028,TypeD,237,540,1
748,190,TypeB,TypeA,TypeB,610,216,270,763,610,986,698,TypeD,TypeA,TypeC,2025-05-23,2025-06-30,938,406,246,686,831,57,338,TypeC,1,104,184,0,1,99,192,352,925,499,984,13,428,416,237,995,71,TypeD,171,0,306,1,144,568,893,273,0,1,1,1,960,711,698,56,47,TypeD,508,235,511,TypeA,392,TypeA,651,920,558,77,1,1.5349377192430467,32.18188000684408,TypeD,957,72,0
857,225,TypeB,TypeC,TypeC,105,386,828,179,727,183,323,TypeC,TypeB,TypeD,2025-03-21,2025-02-27,445,978,742,113,628,66,314,TypeB,0,214,111,1,0,588,65,560,645,364,340,973,38,506,693,798,180,TypeA,653,0,12,0,384,94,897,117,1,1,1,1,409,551,830,547,130,TypeD,16,959,462,TypeC,857,TypeB,292,504,325,442,0,-32.67864597495522,-58.30512605429108,TypeB,919,782,1
561,385,TypeB,TypeD,TypeB,99,365,798,182,805,983,568,TypeC,TypeA,TypeA,2025-04-21,2025-04-11,298,456,591,888,113,842,75,TypeD,0,761,927,1,1,282,849,326,714,947,869,834,211,733,311,458,124,TypeD,909,0,345,1,216,93,820,818,0,0,0,1,412,657,358,112,352,TypeA,498,779,53,TypeC,96,TypeA,564,644,114,540,0,41.567046467946,39.00934543817556,TypeA,923,24,0
475,377,TypeB,TypeC,TypeA,511,666,291,664,75,364,40,TypeB,TypeC,TypeD,2025-06-22,2025-10-06,952,743,661,917,763,98,953,TypeA,0,664,508,0,0,883,963,745,860,630,340,805,444,725,549,230,381,TypeB,188,0,465,0,361,340,853,368,0,1,0,1,204,557,174,798,978,TypeC,884,799,754,TypeD,894,TypeB,799,37,147,245,1,-38.21068179179472,37.078272533158824,TypeA,566,624,0
59,283,TypeB,TypeA,TypeC,385,526,725,25,838,39,866,TypeB,TypeB,TypeB,2025-02-22,2025-03-17,36,800,650,995,476,144,279,TypeB,0,762,290,1,1,403,474,443,21,745,204,945,327,853,56,658,293,TypeA,441,0,700,1,324,597,477,94,0,0,0,0,194,395,217,310,845,TypeC,332,433,486,TypeB,858,TypeC,801,644,166,578,0,42.671433175951535,-47.84416923814376,TypeA,138,812,0
511,958,TypeA,TypeB,TypeC,405,699,165,967,146,527,40,TypeD,TypeA,TypeA,2025-02-17,2025-04-07,84,161,471,122,763,880,176,TypeD,0,787,295,1,0,109,783,100,242,199,161,742,761,424,443,882,797,TypeB,86,1,666,1,15,445,710,168,0,1,0,1,235,326,907,36,622,TypeB,717,496,644,TypeA,756,TypeD,141,589,379,778,1,-77.38173355186044,-41.465808140543245,TypeA,473,485,1
682,633,TypeC,TypeA,TypeA,823,312,5,180,128,888,859,TypeC,TypeD,TypeC,2025-07-14,2025-08-27,452,784,826,544,303,435,896,TypeA,0,165,451,0,1,700,100,59,455,718,540,834,227,407,237,197,195,TypeD,476,0,494,0,217,757,933,954,0,0,0,0,718,893,456,439,581,TypeC,877,999,490,TypeA,86,TypeB,146,601,139,382,0,65.61744148477504,27.858728448375885,TypeA,845,56,1
476,628,TypeB,TypeC,TypeC,518,883,851,710,853,497,973,TypeC,TypeD,TypeB,2025-02-19,2025-02-12,886,460,888,222,971,637,662,TypeC,1,999,904,1,0,199,544,508,963,413,392,804,48,568,870,885,911,TypeA,52,0,368,1,492,22,321,715,1,0,1,0,150,919,776,729,58,TypeA,551,100,978,TypeA,415,TypeA,425,973,629,982,0,-0.07803659233209714,-19.784513019561544,TypeB,784,986,0
700,973,TypeD,TypeC,TypeC,476,7,379,501,42,516,749,TypeA,TypeA,TypeC,2025-07-03,2025-10-10,775,550,423,631,825,679,273,TypeB,0,853,215,1,1,303,864,258,621,339,769,438,18,390,861,733,228,TypeB,111,0,846,0,951,291,179,341,0,1,0,0,159,91,609,592,106,TypeD,601,990,364,TypeA,394,TypeB,314,402,299,717,0,-11.0685569941854,-54.98136545401597,TypeC,553,223,0
976,745,TypeC,TypeD,TypeB,977,3,78,856,356,349,289,TypeD,TypeD,TypeB,2025-06-26,2025-02-01,822,500,901,39,118,86,837,TypeD,0,520,974,1,0,327,128,413,303,659,677,538,912,342,197,423,431,TypeD,949,1,937,0,547,485,897,661,1,1,0,1,279,750,629,826,812,TypeD,942,599,112,TypeC,696,TypeC,184,765,276,570,1,19.98421407754641,41.70232778174673,TypeB,610,632,1
783,259,TypeC,TypeB,TypeC,709,623,410,161,41,982,262,TypeD,TypeD,TypeA,2025-11-06,2025-10-11,385,738,65,497,813,588,620,TypeA,1,284,632,1,1,154,452,452,596,962,575,587,439,946,585,572,942,TypeD,877,1,420,0,183,784,219,914,0,1,1,0,816,70,199,595,330,TypeA,256,403,409,TypeB,633,TypeA,664,856,916,713,0,22.354573121328684,-62.25344561945985,TypeD,695,179,1
190,359,TypeB,TypeD,TypeD,863,919,574,177,934,921,216,TypeA,TypeD,TypeC,2025-05-16,2025-01-09,172,509,13,780,161,344,651,TypeA,0,517,894,0,1,552,914,65,595,937,534,968,807,614,571,610,436,TypeC,854,1,889,1,270,306,789,695,0,1,0,0,404,166,832,577,768,TypeC,992,396,7,TypeB,844,TypeC,713,706,789,737,1,-66.2336681598008,64.01585954609038,TypeB,640,800,0
958,710,TypeA,TypeC,TypeA,645,750,132,285,34,397,147,TypeD,TypeB,TypeC,2025-01-23,2025-05-04,376,654,213,233,401,936,862,TypeC,0,657,567,1,1,645,369,595,803,429,70,876,708,933,752,171,787,TypeD,43,1,791,1,945,634,949,925,0,0,0,1,893,642,486,325,824,TypeC,766,527,742,TypeD,501,TypeC,128,176,850,142,1,46.12204616691838,2.6405143293289512,TypeA,229,434,1
687,456,TypeB,TypeA,TypeB,870,363,601,63,17,722,336,TypeD,TypeD,TypeB,2025-08-24,2025-08-01,685,804,986,943,198,294,783,TypeD,0,613,27,1,1,405,851,154,964,783,893,936,187,493,514,382,461,TypeB,211,0,171,0,467,128,528,152,0,0,0,0,678,214,533,640,683,TypeA,728,415,668,TypeC,604,TypeB,287,545,825,893,1,-40.332906368988674,-70.97389130172587,TypeB,317,937,1
958,411,TypeA,TypeB,TypeB,771,751,749,662,677,161,168,TypeB,TypeD,TypeC,2025-10-02,2025-09-06,362,481,242,530,260,956,859,TypeC,0,164,630,1,1,462,43,985,69,899,405,811,345,192,449,173,618,TypeA,968,0,134,0,870,625,492,586,0,0,1,1,311,852,200,307,383,TypeB,880,939,197,TypeA,582,TypeC,823,570,178,368,0,72.89313843058451,34.93302003557719,TypeA,598,450,1
563,649,TypeD,TypeA,TypeD,437,508,42,666,153,16,92,TypeC,TypeD,TypeB,2025-03-05,2025-07-26,559,663,493,149,660,571,931,TypeC,0,886,733,1,1,132,884,266,129,139,608,150,224,499,360,663,21,TypeC,200,1,965,1,612,939,891,877,0,1,0,1,68,601,371,534,985,TypeD,815,613,835,TypeB,916,TypeA,253,467,842,84,0,57.21311941466985,3.449347123417283,TypeB,768,793,0
876,318,TypeC,TypeA,TypeA,23,274,89,156,998,493,353,TypeD,TypeB,TypeB,2025-07-13,2025-03-30,891,114,213,397,752,650,289,TypeD,1,659,231,0,1,791,419,821,196,693,675,660,830,822,700,453,64,TypeD,810,1,427,1,519,273,61,913,0,0,1,1,463,335,959,728,162,TypeA,172,677,876,TypeB,133,TypeC,778,201,354,143,0,-27.67211252374527,-36.349637076934286,TypeA,721,884,0
567,677,TypeD,TypeB,TypeA,997,506,402,882,378,426,571,TypeB,TypeA,TypeB,2025-02-10,2025-01-06,141,749,693,661,47,611,724,TypeD,0,64,565,1,1,874,488,79,140,942,591,8,488,712,819,350,165,TypeD,858,1,25,1,542,848,54,274,0,1,1,0,88,764,853,619,997,TypeA,649,463,735,TypeC,791,TypeC,700,540,154,352,1,55.393072776128605,-13.942911559706133,TypeD,727,492,1
244,225,TypeA,TypeD,TypeB,565,806,296,469,588,108,571,TypeC,TypeC,TypeB,2025-10-10,2025-05-23,887,578,338,638,987,704,893,TypeD,1,91,807,0,1,84,78,315,444,542,517,29,909,233,30,902,27,TypeD,752,1,530,0,467,442,680,554,1,1,0,1,217,369,448,109,286,TypeC,498,541,367,TypeD,649,TypeB,386,547,926,545,1,-25.849710126017243,-36.29920615425022,TypeA,886,189,0
832,819,TypeA,TypeA,TypeC,677,739,840,49,599,894,816,TypeA,TypeD,TypeA,2025-05-31,2025-08-24,918,361,997,904,399,243,272,TypeB,1,117,321,1,0,399,826,662,283,57,828,296,877,945,779,952,311,TypeB,627,0,190,0,305,503,538,496,0,0,0,1,1,861,248,372,71,TypeD,471,626,250,TypeD,314,TypeC,230,999,201,913,0,-71.82941730551269,-42.655349566298874,TypeB,612,578,1
505,234,TypeD,TypeC,TypeB,714,883,295,967,629,450,681,TypeB,TypeA,TypeB,2025-11-18,2025-08-11,118,341,173,302,710,831,930,TypeD,0,866,913,0,0,754,801,947,312,232,120,986,849,227,988,634,285,TypeC,26,1,141,0,985,130,848,724,1,1,0,1,135,584,788,357,767,TypeC,384,619,916,TypeA,699,TypeD,271,637,878,152,1,83.13988297062744,-60.55048424813181,TypeD,561,810,1
131,684,TypeA,TypeA,TypeA,458,15,616,849,874,311,781,TypeB,TypeD,TypeD,2025-11-13,2025-10-18,277,770,672,360,559,561,66,TypeA,1,267,233,0,1,628,270,560,746,658,814,926,229,371,108,494,660,TypeB,919,1,555,0,144,132,988,101,0,0,0,1,697,677,264,181,454,TypeA,690,922,595,TypeD,221,TypeB,771,394,115,158,0,27.468362738779206,-24.701916035254342,TypeB,201,961,0
485,664,TypeD,TypeB,TypeD,83,192,526,84,342,739,363,TypeC,TypeB,TypeC,2025-07-05,2025-09-09,726,987,164,238,78,960,483,TypeC,0,822,670,0,0,109,674,917,535,435,690,721,390,139,844,620,281,TypeC,299,1,846,0,111,597,65,557,1,1,1,0,351,49,58,356,886,TypeB,589,364,240,TypeB,976,TypeB,811,833,671,446,0,-7.902085200733495,-44.82230286310727,TypeD,948,420,0
819,975,TypeC,TypeB,TypeB,145,985,800,361,981,170,557,TypeA,TypeA,TypeD,2025-10-23,2025-04-11,220,761,465,647,124,32,936,TypeB,1,685,437,0,1,221,701,891,665,384,688,640,979,856,935,4,838,TypeA,77,1,796,1,232,935,612,82,0,0,0,1,140,52,302,676,567,TypeD,700,130,380,TypeD,438,TypeA,415,42,554,653,0,-18.400796724412857,33.01820766970508,TypeC,258,249,0
647,827,TypeD,TypeB,TypeA,85,631,691,689,27,546,345,TypeB,TypeB,TypeA,2025-04-09,2025-04-23,905,969,995,663,75,391,248,TypeD,1,559,781,0,1,904,759,248,277,560,902,340,589,817,602,93,831,TypeB,924,1,658,0,691,482,586,529,0,1,1,0,618,289,31,68,835,TypeA,507,84,907,TypeA,46,TypeA,198,597,759,958,0,-31.553039833512486,33.097813409395144,TypeC,480,588,1
21,374,TypeC,TypeD,TypeB,78,485,637,148,825,414,693,TypeD,TypeD,TypeD,2025-12-27,2025-10-30,26,449,497,236,871,277,156,TypeB,0,140,533,1,0,553,900,790,61,194,217,628,188,149,717,919,164,TypeB,137,1,315,1,584,862,704,73,0,0,1,1,133,790,498,292,397,TypeA,992,271,872,TypeB,790,TypeA,323,393,68,763,1,86.66056717724328,0.3312436600149198,TypeC,888,649,1
841,672,TypeD,TypeA,TypeC,457,28,422,630,287,251,170,TypeD,TypeD,TypeC,2025-02-05,2025-10-06,521,843,700,736,137,532,47,TypeD,0,246,403,1,1,368,728,868,319,736,56,439,858,115,891,6,898,TypeA,20,1,444,1,722,390,171,14,1,0,1,0,620,626,249,692,515,TypeB,527,244,835,TypeD,192,TypeA,56,700,445,303,0,-65.74549227643666,50.03001494465778,TypeB,178,164,0
167,608,TypeA,TypeD,TypeB,878,714,865,342,646,759,356,TypeD,TypeB,TypeD,2025-01-24,2025-06-11,783,835,395,203,602,154,935,TypeB,0,661,53,1,1,147,315,610,890,648,366,144,270,450,968,288,918,TypeC,440,0,319,0,732,593,273,433,1,1,1,1,178,239,605,181,26,TypeA,804,388,471,TypeD,520,TypeD,831,623,445,624,0,-33.335089394297704,61.44114942108868,TypeB,757,745,0
274,472,TypeD,TypeD,TypeB,1,39,23,476,731,781,191,TypeA,TypeC,TypeA,2025-12-05,2025-01-31,10,180,703,256,400,383,454,TypeC,0,758,787,0,0,112,925,414,52,534,699,942,607,63,959,618,224,TypeD,211,0,441,1,592,999,889,157,1,1,1,0,810,133,777,466,313,TypeA,831,214,775,TypeC,379,TypeB,203,783,326,656,0,-2.6104247491205683,14.357962338169159,TypeD,123,255,0
388,233,TypeA,TypeB,TypeA,51,953,575,63,168,141,667,TypeB,TypeB,TypeB,2025-04-27,2025-09-07,984,702,917,598,837,68,201,TypeC,0,395,313,1,0,615,851,25,856,518,504,830,310,104,960,146,784,TypeA,752,0,92,0,500,985,699,735,1,0,0,1,358,999,271,434,126,TypeD,325,818,919,TypeA,788,TypeC,783,995,846,450,0,-3.9600818902239467,21.408329297418078,TypeD,342,476,1
601,692,TypeD,TypeB,TypeA,685,273,143,701,610,274,422,TypeD,TypeD,TypeD,2025-05-29,2025-10-01,378,407,308,662,505,878,660,TypeA,1,487,281,0,1,558,902,284,153,716,744,747,132,851,445,783,146,TypeD,551,0,179,1,595,325,535,132,0,1,1,0,380,786,606,464,408,TypeD,214,166,701,TypeD,691,TypeA,621,441,708,721,0,-5.154032806588177,-39.080536238454265,TypeD,171,806,1
316,113,TypeD,TypeD,TypeA,717,231,993,360,268,416,700,TypeA,TypeB,TypeA,2025-02-10,2025-02-04,633,666,768,235,500,884,124,TypeA,1,476,726,0,0,924,889,449,749,751,767,519,551,871,893,424,965,TypeD,435,0,56,0,554,69,391,338,0,1,1,0,908,166,666,681,565,TypeD,208,791,455,TypeC,334,TypeA,628,837,602,224,0,-58.35891315053127,71.07645612699355,TypeD,845,417,1
14,830,TypeB,TypeA,TypeB,772,86,665,561,749,608,7,TypeD,TypeC,TypeA,2025-04-30,2025-02-18,637,196,183,345,573,214,1,TypeD,1,517,31,1,0,494,993,881,311,185,925,976,72,668,438,890,950,TypeA,780,0,155,0,273,660,940,404,0,1,0,0,871,374,394,914,198,TypeC,169,59,366,TypeB,39,TypeA,604,617,623,43,0,-63.9121451202899,-85.64291200394463,TypeA,648,170,0
242,497,TypeA,TypeC,TypeC,446,474,145,327,821,739,133,TypeC,TypeB,TypeC,2025-02-21,2025-04-07,682,466,629,534,138,655,968,TypeC,1,977,337,1,1,505,945,301,814,872,455,45,793,273,732,608,868,TypeC,207,1,672,1,703,448,693,376,1,0,0,1,658,373,797,534,811,TypeB,330,602,290,TypeC,293,TypeC,138,506,880,264,1,-44.141834460848386,-27.25155550028778,TypeC,59,317,0
777,442,TypeB,TypeD,TypeD,449,126,225,769,455,891,747,TypeB,TypeC,TypeC,2025-07-14,2025-11-02,584,311,794,860,50,376,759,TypeB,1,184,183,0,0,475,168,68,544,292,104,955,845,6,890,457,30,TypeD,991,1,111,0,173,528,327,888,0,0,1,0,450,805,502,66,188,TypeD,280,883,874,TypeC,690,TypeA,422,918,359,756,1,74.61470768437007,39.924075878974094,TypeA,705,174,1
346,564,TypeA,TypeA,TypeD,881,812,503,736,906,39,557,TypeB,TypeC,TypeD,2025-05-23,2025-12-19,152,262,510,797,771,744,855,TypeB,1,20,23,0,0,836,339,7,567,335,77,239,672,147,606,741,45,TypeA,439,0,137,1,973,819,108,559,1,1,1,0,586,478,592,21,698,TypeC,978,843,403,TypeD,162,TypeC,815,320,145,3,1,-69.65046578978817,-75.58388825919097,TypeA,465,470,0
565,268,TypeB,TypeB,TypeA,488,537,962,141,685,814,826,TypeA,TypeB,TypeB,2025-08-21,2025-05-05,720,419,708,781,973,213,640,TypeB,1,937,544,1,1,890,193,817,864,732,230,952,187,184,457,202,787,TypeB,974,1,232,0,7,617,847,107,1,1,0,0,463,755,804,612,817,TypeC,305,924,58,TypeD,331,TypeB,57,553,275,637,1,46.33651860719846,-57.02948506290733,TypeA,780,345,0
898,510,TypeC,TypeB,TypeA,800,145,974,990,401,29,761,TypeA,TypeB,TypeA,2025-11-22,2025-03-08,49,406,546,466,619,79,191,TypeA,0,558,446,1,0,271,453,137,389,116,914,944,486,998,615,212,471,TypeB,779,0,992,0,155,165,162,620,1,0,1,0,990,479,84,384,810,TypeB,146,504,521,TypeD,886,TypeB,562,215,509,268,0,46.358710764006844,16.07143101531321,TypeA,260,445,0
340,807,TypeD,TypeA,TypeB,34,525,821,215,922,958,31,TypeB,TypeA,TypeD,2025-07-06,2025-05-12,154,939,564,770,625,726,579,TypeB,0,524,74,1,0,995,283,164,548,825,258,155,191,28,735,6,34,TypeB,666,1,468,0,522,488,814,265,1,1,0,1,108,832,365,812,716,TypeB,775,706,304,TypeC,104,TypeB,71,71,179,596,1,55.75867270150721,10.798860863440424,TypeC,373,18,0
92,386,TypeA,TypeC,TypeD,348,212,616,435,981,477,535,TypeD,TypeD,TypeA,2025-03-25,2025-11-02,859,143,624,541,862,628,516,TypeA,1,582,10,1,1,421,336,83,622,49,264,181,422,962,698,624,653,TypeA,42,1,732,1,546,713,452,205,1,0,0,0,122,650,886,615,484,TypeA,516,123,115,TypeB,161,TypeD,911,568,753,16,1,69.590788018084,43.00709330357191,TypeA,973,70,1
367,387,TypeA,TypeB,TypeA,95,25,104,891,476,318,426,TypeD,TypeC,TypeA,2025-07-09,2025-11-15,293,342,764,213,254,604,442,TypeA,1,529,484,0,1,897,390,897,177,685,331,215,120,550,981,376,427,TypeB,411,1,481,1,548,709,206,79,0,1,1,0,17,591,549,559,450,TypeC,90,648,210,TypeA,799,TypeC,914,919,838,334,1,-42.65348804299255,56.270275035870924,TypeD,95,338,0
956,113,TypeD,TypeB,TypeC,72,580,947,952,702,245,394,TypeC,TypeA,TypeB,2025-07-01,2025-08-09,580,316,594,463,630,782,921,TypeD,0,883,456,1,1,707,525,650,362,82,993,88,220,119,696,891,830,TypeD,523,1,68,0,921,426,590,155,1,1,0,0,196,682,342,39,523,TypeD,453,413,41,TypeC,635,TypeA,594,236,831,464,0,-49.57929553159865,-66.85567586789955,TypeB,125,628,1
455,613,TypeA,TypeB,TypeC,551,394,39,723,634,748,672,TypeD,TypeB,TypeB,2025-04-18,2025-10-31,50,101,744,436,710,923,815,TypeB,0,147,566,1,0,367,240,420,314,834,182,256,53,293,495,447,886,TypeB,806,1,814,1,518,697,16,783,1,1,1,1,327,635,839,285,871,TypeB,60,139,816,TypeD,54,TypeA,372,281,477,59,1,-6.208980025053648,-86.69142184045643,TypeD,41,592,1
428,625,TypeA,TypeA,TypeA,154,67,947,318,558,697,363,TypeA,TypeD,TypeD,2025-12-10,2025-09-28,664,244,227,283,849,381,806,TypeB,0,666,564,1,1,280,832,73,807,333,893,511,734,371,674,835,221,TypeB,610,1,249,0,920,834,327,988,0,0,1,0,318,688,407,822,354,TypeC,311,229,173,TypeA,940,TypeA,617,987,843,177,1,-42.28394962463349,34.13493353860309,TypeB,891,527,0
509,952,TypeB,TypeD,TypeA,250,233,198,32,576,272,437,TypeA,TypeA,TypeB,2025-05-17,2025-05-16,531,490,745,562,877,680,143,TypeC,0,304,660,0,1,283,958,237,848,557,768,73,451,244,247,106,868,TypeD,427,0,994,1,914,265,608,997,1,0,1,0,809,300,425,602,986,TypeD,528,274,234,TypeB,34,TypeA,600,617,976,63,0,42.17579801695936,-35.74947676205534,TypeD,254,688,1
776,81,TypeA,TypeB,TypeD,674,109,646,670,130,440,670,TypeD,TypeC,TypeB,2025-12-26,2025-12-15,612,12,733,607,563,58,191,TypeD,1,620,160,0,0,40,483,46,97,335,550,931,412,580,543,651,534,TypeB,275,0,323,1,215,875,659,247,1,0,0,0,479,82,744,597,658,TypeC,227,439,793,TypeA,242,TypeD,514,902,414,958,1,24.469123813458054,22.677104505231654,TypeD,7,456,1
943,699,TypeC,TypeD,TypeD,438,146,579,285,822,748,551,TypeA,TypeA,TypeD,2025-12-16,2025-06-12,60,239,436,463,757,796,533,TypeC,0,748,882,0,1,959,659,618,881,532,688,179,643,726,564,811,692,TypeD,448,1,922,0,134,612,2,531,0,0,1,0,252,87,93,785,597,TypeB,474,562,884,TypeD,967,TypeA,872,887,153,561,0,67.49778384947726,-62.90197414879955,TypeB,471,269,0
35,113,TypeC,TypeC,TypeB,118,111,391,305,363,239,927,TypeB,TypeC,TypeB,2025-11-28,2025-05-20,167,561,925,407,915,26,227,TypeD,1,820,14,0,1,189,716,928,213,960,27,212,237,218,857,401,948,TypeB,902,0,904,0,285,342,10,858,0,1,0,1,503,225,848,336,100,TypeA,978,910,590,TypeC,890,TypeD,84,162,104,307,1,-75.10710537232711,-5.572791600126678,TypeC,728,631,1
206,2,TypeD,TypeB,TypeD,771,228,179,429,705,377,82,TypeB,TypeB,TypeC,2025-02-06,2025-03-15,202,42,422,88,426,881,313,TypeB,1,864,178,1,1,164,592,800,829,221,276,805,758,177,588,96,367,TypeD,942,1,518,0,126,832,434,948,0,1,1,0,999,16,614,188,616,TypeC,541,118,620,TypeC,113,TypeC,994,191,75,246,0,74.71500000445346,0.796454291418641,TypeA,511,811,1
81,642,TypeA,TypeB,TypeC,891,111,968,477,819,266,356,TypeD,TypeD,TypeA,2025-11-08,2025-11-30,857,678,554,44,547,447,629,TypeA,1,582,412,0,1,994,891,262,137,635,652,234,738,299,897,388,932,TypeB,884,0,976,0,921,726,125,538,1,0,1,0,119,822,412,671,948,TypeD,663,714,793,TypeD,318,TypeB,43,9,128,289,1,-37.19724719938388,15.314006947178896,TypeD,581,188,1
932,220,TypeD,TypeC,TypeC,306,470,554,286,693,926,258,TypeB,TypeD,TypeA,2025-11-22,2025-08-26,146,594,21,461,302,66,949,TypeA,0,695,878,1,0,989,555,176,6,746,299,465,720,676,439,959,841,TypeD,742,1,792,0,439,278,81,729,0,1,0,1,674,358,432,243,558,TypeB,757,995,403,TypeC,23,TypeA,666,60,711,798,1,-1.6750177331428802,2.3706029395015804,TypeC,69,569,1
562,566,TypeC,TypeB,TypeA,268,34,448,144,292,921,718,TypeB,TypeD,TypeA,2025-03-29,2025-02-08,915,429,554,278,922,921,302,TypeA,0,762,53,1,1,536,458,166,109,733,957,751,406,58,278,452,743,TypeA,369,0,432,1,849,674,485,154,0,1,1,1,710,163,678,73,556,TypeA,782,905,39,TypeD,558,TypeB,839,893,666,955,1,-11.049941530864132,-0.7756613588314991,TypeA,81,711,1
872,855,TypeA,TypeD,TypeD,961,623,500,424,371,359,589,TypeC,TypeB,TypeA,2025-10-01,2025-08-28,676,803,397,683,581,760,654,TypeA,1,228,408,1,1,536,89,657,547,323,799,223,608,269,552,849,915,TypeD,938,1,487,1,686,439,652,154,0,0,1,1,498,610,159,479,278,TypeD,79,483,119,TypeC,824,TypeC,934,817,568,332,0,46.856097198796306,-30.107852282906002,TypeC,542,529,1
388,997,TypeA,TypeA,TypeB,54,776,15,19,794,340,989,TypeC,TypeC,TypeD,2025-05-06,2025-10-17,970,158,625,421,349,254,996,TypeA,1,102,847,1,0,4,660,842,39,851,91,631,422,308,613,809,550,TypeB,220,0,606,0,152,157,838,686,1,1,0,0,486,668,14,974,693,TypeD,433,395,335,TypeC,647,TypeC,606,225,790,527,1,-14.34000430226834,-77.18755746274448,TypeC,585,434,1
2,736,TypeD,TypeD,TypeC,236,936,623,18,29,389,524,TypeB,TypeB,TypeA,2025-03-25,2025-02-12,993,216,105,701,832,899,460,TypeC,1,587,22,0,1,835,95,370,662,3,480,825,712,570,111,979,582,TypeB,577,1,429,0,331,422,150,92,0,1,0,1,45,514,373,561,699,TypeD,801,703,336,TypeC,118,TypeA,810,819,345,850,0,79.8395662168937,-73.88636457656838,TypeA,262,288,1
390,225,TypeC,TypeA,TypeC,389,369,669,769,149,577,295,TypeD,TypeD,TypeA,2025-08-25,2025-04-25,439,670,192,353,933,968,401,TypeD,0,417,30,0,0,290,452,795,425,694,573,264,247,288,385,901,116,TypeC,867,0,269,0,538,251,800,433,1,0,0,0,314,350,225,101,990,TypeC,153,876,539,TypeB,985,TypeC,133,700,531,255,0,72.45609887494359,-11.919910606712335,TypeD,89,918,0
566,385,TypeA,TypeA,TypeB,990,748,289,590,779,990,962,TypeC,TypeB,TypeA,2025-07-14,2025-05-18,242,462,17,696,980,44,551,TypeB,1,958,703,0,0,953,428,54,630,206,458,207,72,977,833,416,239,TypeD,232,1,709,1,383,878,873,338,1,1,1,1,179,909,505,514,626,TypeB,789,460,616,TypeB,701,TypeB,395,582,159,604,0,66.98900735451116,-25.957236992221254,TypeC,915,567,0
106,403,TypeD,TypeD,TypeB,734,595,478,371,296,689,224,TypeA,TypeB,TypeA,2025-05-19,2025-06-29,581,134,120,515,49,97,393,TypeC,0,216,260,1,0,433,151,690,261,832,451,607,830,105,761,726,335,TypeA,328,1,537,0,115,609,340,480,0,1,0,0,894,681,73,756,491,TypeD,401,835,74,TypeD,643,TypeA,65,805,538,510,0,-77.17350012331897,2.9042648414095993,TypeD,208,499,0
772,638,TypeC,TypeD,TypeC,763,554,231,175,11,3,525,TypeA,TypeB,TypeC,2025-11-24,2025-05-09,687,67,393,703,917,554,867,TypeD,1,407,205,1,1,471,514,419,426,40,365,885,185,228,191,504,441,TypeD,443,1,148,0,894,530,129,693,1,1,0,1,418,464,249,176,255,TypeC,279,693,191,TypeB,934,TypeD,290,287,426,791,1,63.7664510797091,-35.12912953387195,TypeD,213,441,1
822,130,TypeD,TypeD,TypeC,825,425,923,194,512,429,46,TypeA,TypeC,TypeA,2025-12-19,2025-05-28,561,848,425,630,74,227,764,TypeA,1,399,59,1,0,181,376,756,87,59,859,734,6,247,490,454,148,TypeD,52,0,118,1,482,327,438,131,1,0,1,0,556,827,511,238,381,TypeB,57,935,324,TypeD,212,TypeA,376,994,681,718,1,50.69438017977788,33.82381646195839,TypeD,834,781,1
477,53,TypeB,TypeD,TypeB,401,613,420,502,676,142,667,TypeD,TypeA,TypeC,2025-10-13,2025-08-20,483,7,129,19,704,774,845,TypeD,1,923,471,1,0,248,22,507,465,951,675,366,206,700,694,291,9,TypeA,886,0,850,1,284,961,751,450,0,0,0,1,783,837,603,910,892,TypeB,977,78,147,TypeA,418,TypeB,769,169,996,606,1,-71.36766953889642,65.51186796171191,TypeA,266,303,1
703,684,TypeA,TypeC,TypeC,624,518,157,988,113,376,113,TypeB,TypeA,TypeD,2025-04-23,2025-10-12,108,948,130,23,261,679,207,TypeD,0,715,776,1,0,628,883,341,76,574,351,276,544,494,426,534,288,TypeD,943,0,367,1,899,895,501,993,1,1,1,0,78,375,216,59,542,TypeC,186,952,767,TypeA,113,TypeA,467,62,23,737,0,-70.66542142148006,-36.20462601836382,TypeB,912,87,0
402,730,TypeB,TypeB,TypeA,767,692,550,113,187,670,233,TypeA,TypeB,TypeB,2025-12-17,2025-06-09,226,526,572,413,356,436,210,TypeA,0,704,466,0,1,279,313,127,471,644,655,380,611,83,405,193,388,TypeA,376,1,850,1,75,97,58,810,0,1,1,0,326,92,973,865,264,TypeC,398,412,284,TypeB,44,TypeA,898,349,47,813,1,-71.79051392684259,-55.262878570974856,TypeD,293,830,0
730,672,TypeC,TypeA,TypeA,303,282,441,114,807,324,17,TypeD,TypeA,TypeA,2025-06-16,2025-12-06,673,73,560,30,582,791,115,TypeA,1,761,12,1,1,877,997,409,976,507,400,743,906,186,335,980,50,TypeA,263,0,66,0,166,513,198,787,1,1,0,0,690,181,602,99,610,TypeD,605,75,213,TypeA,128,TypeB,213,442,525,830,0,-87.96013322319224,-69.08749663426396,TypeB,207,438,0
556,710,TypeB,TypeD,TypeB,919,320,97,222,744,146,360,TypeC,TypeA,TypeB,2025-01-29,2025-01-11,631,399,29,807,602,601,737,TypeA,0,499,631,0,1,581,840,924,963,572,253,309,387,252,209,150,850,TypeD,267,1,970,1,189,216,211,273,1,0,1,0,357,743,541,954,825,TypeB,788,295,635,TypeA,876,TypeA,148,14,729,463,0,8.754174935025034,20.92572730274624,TypeB,333,541,1
162,416,TypeB,TypeD,TypeD,207,738,997,678,227,958,223,TypeB,TypeB,TypeB,2025-04-28,2025-10-14,661,405,97,108,260,379,646,TypeB,1,754,927,1,1,863,519,367,414,884,781,631,768,355,22,880,517,TypeD,359,0,813,1,78,132,914,929,0,0,0,0,416,301,947,871,879,TypeA,158,793,718,TypeC,158,TypeA,573,164,834,199,0,85.21097245848779,-10.105921594697506,TypeC,77,22,0
202,247,TypeC,TypeD,TypeB,229,443,411,947,310,293,866,TypeC,TypeB,TypeD,2025-01-17,2025-12-07,977,675,10,367,638,178,251,TypeA,0,465,974,1,1,254,206,271,825,843,881,268,699,750,678,759,916,TypeB,317,0,370,0,947,260,902,588,0,0,0,0,963,660,817,954,329,TypeC,787,21,929,TypeC,785,TypeB,471,420,706,271,1,-11.036753478037156,-56.157170904667986,TypeD,288,833,0
958,836,TypeD,TypeC,TypeB,853,952,951,831,98,665,700,TypeD,TypeD,TypeB,2025-06-11,2025-03-13,662,578,242,281,743,427,219,TypeB,0,691,290,0,1,181,952,644,895,122,803,945,76,872,611,779,855,TypeB,324,0,175,0,602,125,45,177,1,1,0,0,515,792,939,495,115,TypeB,693,906,752,TypeD,827,TypeC,149,757,144,746,1,7.336350339724149,27.56461199253397,TypeD,47,797,1
996,439,TypeB,TypeD,TypeD,910,315,289,644,55,432,448,TypeA,TypeA,TypeC,2025-07-25,2025-03-02,432,859,826,128,295,915,407,TypeA,0,949,850,0,1,830,375,605,726,479,459,785,177,696,208,973,638,TypeC,921,0,831,0,688,82,97,696,1,1,0,0,214,189,988,947,276,TypeB,359,171,394,TypeA,394,TypeB,88,847,585,558,0,84.23456341859199,-63.27302705904881,TypeD,622,560,0
270,203,TypeD,TypeD,TypeD,578,877,254,897,623,705,856,TypeA,TypeC,TypeB,2025-05-18,2025-10-13,805,130,956,229,931,709,443,TypeB,1,974,760,1,0,681,451,379,457,619,699,64,827,796,8,763,587,TypeC,908,1,588,1,21,283,279,831,0,1,1,1,854,859,220,980,488,TypeD,440,15,339,TypeD,867,TypeA,324,520,668,64,1,-44.067198820638474,9.774127052631457,TypeB,200,517,1
863,184,TypeB,TypeD,TypeD,75,966,196,264,664,949,365,TypeD,TypeB,TypeB,2025-02-03,2025-05-23,655,931,232,111,641,307,603,TypeD,0,731,354,1,0,825,626,73,285,96,917,810,799,897,702,515,677,TypeD,666,0,495,0,566,683,535,643,1,1,1,0,74,862,840,514,281,TypeA,589,211,798,TypeD,852,TypeD,895,666,589,230,1,64.52464546768732,4.886708692547643,TypeA,427,762,0
816,123,TypeD,TypeB,TypeA,435,741,598,925,758,975,675,TypeA,TypeD,TypeB,2025-04-19,2025-11-08,419,466,789,136,792,779,354,TypeC,0,82,639,1,0,509,784,923,239,859,499,350,349,938,687,393,278,TypeA,870,0,973,1,184,59,410,875,1,1,0,0,563,314,727,755,275,TypeD,466,560,22,TypeA,512,TypeD,396,548,419,942,0,8.350284098112496,42.161004213495005,TypeB,210,675,1
271,401,TypeC,TypeC,TypeC,103,377,834,55,406,585,326,TypeB,TypeC,TypeA,2025-10-18,2025-06-27,988,206,284,362,313,504,888,TypeD,1,604,75,1,0,761,595,922,677,414,950,925,255,210,785,316,954,TypeC,878,1,114,1,871,544,461,49,1,0,0,1,579,493,221,297,773,TypeA,663,86,771,TypeB,914,TypeB,790,560,681,952,0,12.505772639341927,-80.08026481067998,TypeD,888,503,1
456,767,TypeB,TypeD,TypeA,422,289,522,871,69,399,467,TypeD,TypeA,TypeA,2025-06-11,2025-12-24,455,788,715,186,612,268,558,TypeD,1,947,873,0,1,700,179,915,599,235,971,915,837,816,529,76,836,TypeD,652,1,111,1,222,161,391,567,1,1,1,0,509,923,389,211,843,TypeA,446,149,869,TypeA,45,TypeD,404,597,973,249,1,-28.228705702688963,69.81712773323946,TypeD,420,714,1
462,294,TypeC,TypeA,TypeC,704,437,517,643,312,817,414,TypeC,TypeD,TypeC,2025-04-19,2025-05-21,160,978,759,656,838,586,550,TypeA,1,687,716,1,0,566,210,248,653,898,926,494,702,808,602,599,989,TypeC,939,0,761,0,827,284,847,666,0,1,0,1,332,922,554,123,719,TypeC,750,700,105,TypeC,108,TypeA,82,28,799,246,0,11.085184974043457,36.5385107064275,TypeD,154,467,1
727,280,TypeB,TypeA,TypeA,764,662,635,800,289,889,455,TypeD,TypeB,TypeC,2025-12-02,2025-09-11,523,768,802,584,809,8,142,TypeB,1,751,561,0,0,326,500,860,672,62,508,523,308,609,653,270,300,TypeA,563,0,439,1,328,106,44,355,0,1,1,0,93,128,647,229,896,TypeB,801,372,466,TypeA,219,TypeA,641,708,85,940,0,-76.83434829390889,-51.0973202972228,TypeB,522,101,1
252,837,TypeC,TypeA,TypeC,738,277,842,778,762,344,586,TypeB,TypeC,TypeA,2025-09-13,2025-01-28,650,266,776,129,182,920,612,TypeC,0,772,591,1,0,357,464,785,558,256,304,98,345,447,657,225,802,TypeD,629,1,715,0,179,105,27,712,0,0,0,1,688,519,42,594,328,TypeB,743,480,459,TypeB,443,TypeB,286,446,416,587,1,47.635843070540204,-56.98703725024686,TypeD,415,583,0
702,884,TypeC,TypeC,TypeA,806,710,865,458,548,964,233,TypeB,TypeB,TypeC,2025-07-22,2025-11-25,969,537,955,876,686,508,501,TypeA,0,903,441,0,0,825,840,43,372,561,501,946,127,460,166,530,589,TypeA,421,1,147,0,788,439,794,308,0,1,1,1,657,426,676,656,211,TypeB,488,818,432,TypeD,830,TypeA,382,208,694,157,1,-38.7562029220311,-12.301161454118983,TypeC,353,942,1
296,610,TypeB,TypeC,TypeD,306,582,118,979,751,140,224,TypeD,TypeA,TypeA,2025-11-26,2025-05-23,590,962,726,261,828,476,840,TypeA,0,365,991,0,1,650,124,377,495,905,803,71,937,968,849,113,810,TypeD,46,1,35,0,112,228,97,868,0,0,1,0,519,559,873,388,727,TypeA,530,151,770,TypeD,315,TypeC,865,470,482,735,0,69.76949930891189,57.161759318027435,TypeD,157,675,1
725,198,TypeB,TypeA,TypeB,98,503,806,878,148,187,994,TypeD,TypeC,TypeD,2025-08-23,2025-01-05,77,793,200,515,364,297,702,TypeA,0,163,241,1,1,680,993,41,624,348,598,364,287,472,496,251,649,TypeC,821,0,999,1,736,700,975,885,0,0,1,1,269,565,283,140,923,TypeB,73,141,716,TypeC,177,TypeA,792,716,456,702,1,-23.78687497065748,61.73099876503929,TypeA,261,685,1
720,982,TypeB,TypeD,TypeA,850,624,909,162,467,805,831,TypeA,TypeA,TypeB,2025-03-15,2025-03-14,509,253,945,449,188,164,547,TypeD,0,48,861,0,1,391,113,170,919,671,166,570,766,720,590,233,618,TypeB,600,0,309,1,726,582,548,630,1,0,0,0,376,187,58,541,552,TypeC,929,69,822,TypeC,228,TypeB,270,976,827,985,0,-64.29166011236113,3.682096585088942,TypeC,77,141,1
749,907,TypeA,TypeC,TypeC,798,516,159,380,739,61,412,TypeB,TypeA,TypeB,2025-05-16,2025-05-17,441,822,79,900,569,485,659,TypeB,1,511,154,1,0,615,12,946,45,124,415,802,725,370,429,841,607,TypeC,720,0,538,1,59,318,621,775,0,0,0,0,834,550,814,391,992,TypeA,928,260,774,TypeC,703,TypeC,292,819,297,564,0,35.25868338632729,64.94595528361273,TypeD,769,138,0
338,511,TypeD,TypeA,TypeD,335,350,815,993,244,997,572,TypeD,TypeD,TypeC,2025-03-13,2025-08-20,254,289,913,104,543,597,542,TypeB,0,329,786,0,1,934,126,212,401,482,462,763,762,900,774,791,135,TypeC,889,1,750,0,327,464,567,46,1,0,0,0,4,453,834,270,26,TypeA,701,988,619,TypeD,983,TypeC,453,104,112,950,1,-60.375933951569486,-89.0201323454957,TypeC,983,578,1
879,752,TypeA,TypeA,TypeA,859,843,228,87,491,939,335,TypeD,TypeB,TypeA,2025-05-07,2026-01-01,921,164,956,483,596,72,846,TypeC,0,840,96,1,0,85,565,493,247,317,920,276,596,934,163,714,580,TypeB,269,1,14,1,905,802,704,302,1,1,0,0,138,471,537,759,27,TypeA,950,846,763,TypeC,672,TypeD,715,742,962,88,0,45.66249279773828,-83.66856632431261,TypeD,488,710,0
53,144,TypeA,TypeD,TypeA,435,446,877,55,849,380,222,TypeB,TypeC,TypeA,2025-10-15,2025-10-16,770,95,855,224,664,567,507,TypeB,0,116,726,0,1,317,331,680,616,504,114,50,487,492,366,83,147,TypeB,601,1,374,1,621,599,219,868,1,1,0,1,231,988,73,12,702,TypeA,17,968,936,TypeA,906,TypeA,24,426,230,313,0,84.26020255310098,74.1278868546137,TypeA,131,840,1
792,609,TypeC,TypeB,TypeD,447,830,216,476,958,710,37,TypeD,TypeA,TypeC,2025-10-03,2025-02-28,320,782,856,832,985,905,596,TypeB,1,941,294,1,1,212,901,39,597,719,433,358,383,923,526,125,490,TypeD,381,0,557,1,897,882,185,912,0,0,1,0,600,738,885,867,83,TypeC,531,521,221,TypeD,267,TypeB,956,101,96,851,0,50.31951638314712,49.55974737946488,TypeD,579,228,1
922,201,TypeB,TypeC,TypeA,994,350,948,800,507,807,989,TypeA,TypeA,TypeA,2025-05-15,2025-12-22,803,833,173,874,548,559,881,TypeA,1,849,209,1,1,515,283,369,450,48,992,728,406,137,239,175,478,TypeD,118,1,428,1,669,874,69,408,1,0,1,1,529,565,923,389,896,TypeB,731,633,379,TypeB,870,TypeD,863,541,950,66,1,-85.95913528236156,-8.872909514930583,TypeC,455,281,0
217,124,TypeD,TypeD,TypeB,308,607,696,178,365,440,278,TypeB,TypeC,TypeD,2025-10-27,2025-10-08,263,110,467,866,725,911,281,TypeA,0,337,343,0,1,384,140,757,485,409,356,906,388,367,72,69,159,TypeA,566,0,728,1,191,472,829,189,0,0,1,1,52,911,129,337,946,TypeC,326,371,222,TypeD,838,TypeD,311,639,680,662,1,17.97944184949945,45.64982366603769,TypeA,740,684,0
764,187,TypeC,TypeA,TypeA,249,664,15,391,482,319,196,TypeA,TypeA,TypeB,2025-08-08,2025-07-14,597,336,581,491,926,944,424,TypeD,1,881,88,0,1,691,401,151,646,932,928,928,525,912,445,47,384,TypeA,953,1,233,0,200,56,130,822,1,1,1,0,646,224,599,506,682,TypeB,995,419,258,TypeA,379,TypeA,461,850,378,20,1,35.17392077455038,82.0151031102159,TypeB,163,828,0
188,326,TypeA,TypeA,TypeB,166,823,157,349,201,302,916,TypeA,TypeD,TypeC,2025-10-26,2025-10-12,658,822,416,473,408,238,856,TypeA,1,737,818,0,0,342,902,111,620,136,695,564,557,184,655,884,163,TypeC,116,0,705,0,312,625,567,830,1,1,1,0,723,154,842,106,413,TypeC,632,101,713,TypeA,489,TypeA,208,522,156,33,0,58.58249864333135,48.9761142986313,TypeA,15,431,1
380,464,TypeB,TypeD,TypeB,481,137,648,8,154,344,864,TypeA,TypeD,TypeC,2025-07-24,2025-08-11,835,238,940,10,876,104,270,TypeA,1,864,776,0,1,815,97,480,18,201,207,783,639,588,822,256,441,TypeB,630,0,563,0,708,13,890,129,0,0,1,0,325,560,426,32,167,TypeD,613,661,367,TypeC,702,TypeB,792,106,421,840,0,-79.91958439097998,61.62684008729795,TypeA,232,40,0
493,349,TypeC,TypeC,TypeD,984,759,261,833,450,11,484,TypeA,TypeD,TypeA,2025-07-05,2025-01-25,554,381,449,405,618,210,154,TypeA,1,840,937,1,0,964,517,436,606,250,768,485,938,287,509,727,853,TypeA,260,1,939,0,35,440,609,561,1,1,1,0,992,351,948,74,700,TypeD,546,954,770,TypeD,687,TypeD,717,679,105,793,1,-3.580590968588453,46.90918465021113,TypeA,195,519,1
41,771,TypeB,TypeB,TypeA,335,899,157,313,501,62,242,TypeB,TypeD,TypeC,2025-04-23,2025-07-13,374,436,87,896,414,554,614,TypeA,1,147,390,0,0,988,569,47,662,314,235,84,626,472,795,30,189,TypeC,75,0,887,1,379,18,848,537,1,1,0,1,970,147,665,171,169,TypeD,596,658,349,TypeD,290,TypeB,664,978,705,558,1,6.3667570749109785,-59.722003361962514,TypeC,861,686,0
157,660,TypeC,TypeB,TypeD,542,243,47,759,73,845,324,TypeA,TypeA,TypeD,2025-03-12,2025-01-24,637,899,101,302,342,828,727,TypeD,1,575,325,1,0,844,924,575,758,869,442,899,945,375,269,281,415,TypeB,480,1,726,0,387,694,599,266,1,0,1,0,905,905,694,849,801,TypeD,921,865,225,TypeD,996,TypeD,438,769,330,73,1,-59.55752472404795,60.04333973623261,TypeA,542,663,0
15,764,TypeB,TypeA,TypeA,759,543,324,835,713,226,731,TypeA,TypeC,TypeA,2025-09-18,2025-04-24,167,483,8,231,220,468,662,TypeA,1,806,940,0,0,38,846,737,289,368,355,805,276,654,753,924,339,TypeD,305,0,663,1,758,973,806,118,1,0,0,1,731,576,125,69,979,TypeA,708,968,714,TypeB,357,TypeD,538,807,439,866,0,-31.959034252083065,-54.880412395642196,TypeD,359,211,1
813,955,TypeA,TypeC,TypeA,106,40,844,984,296,153,192,TypeD,TypeC,TypeA,2025-09-10,2025-05-14,937,937,845,731,903,454,944,TypeC,0,323,889,1,0,511,69,366,414,429,515,638,500,749,415,994,607,TypeC,7,1,440,0,237,113,631,464,0,1,1,0,717,349,67,813,229,TypeA,842,243,738,TypeC,657,TypeD,706,277,132,825,1,-10.760089273890273,70.67003904794646,TypeA,850,302,0
65,932,TypeD,TypeB,TypeC,563,229,685,983,17,711,17,TypeB,TypeC,TypeA,2025-02-16,2025-02-25,753,902,200,923,163,268,83,TypeC,0,443,832,1,1,420,118,69,721,830,208,808,717,537,245,237,181,TypeD,366,1,502,0,616,229,720,144,1,1,1,0,723,182,6,362,979,TypeC,202,753,236,TypeA,744,TypeA,336,65,867,343,0,59.97774383240426,-7.44301834540633,TypeA,331,86,0
857,403,TypeA,TypeC,TypeA,81,548,130,443,641,564,524,TypeB,TypeC,TypeA,2025-01-25,2025-10-21,459,25,505,66,951,386,622,TypeC,1,837,157,1,1,751,888,299,638,807,709,584,337,511,675,248,288,TypeA,634,0,275,0,519,171,334,442,1,1,0,0,277,637,637,649,609,TypeC,344,512,183,TypeA,872,TypeD,422,783,382,133,1,77.29336189263725,31.855815415985134,TypeD,427,397,1
839,346,TypeD,TypeC,TypeD,133,920,411,767,217,772,918,TypeC,TypeB,TypeD,2025-02-26,2025-08-02,999,653,87,937,220,775,947,TypeC,0,13,668,1,1,169,59,944,235,480,853,296,950,802,60,368,834,TypeA,523,1,850,1,283,295,925,200,0,0,1,0,536,179,314,433,367,TypeD,853,849,712,TypeC,950,TypeD,750,900,138,55,0,23.116109205181118,-0.4966473814841663,TypeD,497,253,1
521,963,TypeB,TypeA,TypeB,797,223,95,328,61,571,401,TypeB,TypeC,TypeA,2025-03-20,2025-03-23,280,117,43,112,270,848,899,TypeA,0,943,651,0,1,965,33,802,416,314,125,236,932,579,6,495,187,TypeB,348,0,76,1,1,189,154,157,1,0,0,1,486,39,326,929,528,TypeB,523,555,869,TypeA,204,TypeD,321,188,943,61,0,-18.909866516136816,-73.08163270501163,TypeB,828,533,1
344,511,TypeC,TypeB,TypeA,900,6,627,54,939,584,906,TypeB,TypeB,TypeC,2025-11-18,2025-04-01,700,482,385,13,632,387,426,TypeC,1,494,633,0,0,909,318,296,938,500,138,56,481,250,709,25,884,TypeC,438,1,439,0,731,426,547,487,1,0,1,1,516,772,565,996,791,TypeD,859,95,758,TypeA,213,TypeC,497,317,843,857,1,-44.27441679618253,-37.66998462828028,TypeA,486,769,0
129,147,TypeA,TypeD,TypeC,138,322,755,761,616,660,886,TypeC,TypeB,TypeD,2025-03-23,2025-04-05,302,392,621,393,906,877,275,TypeA,0,701,577,1,1,343,50,203,499,721,339,919,897,920,982,586,138,TypeD,215,1,732,1,464,977,79,860,1,1,0,0,152,894,578,100,647,TypeC,400,226,444,TypeC,552,TypeA,587,916,270,520,0,86.78433319850708,87.0717337194611,TypeC,808,891,0
648,148,TypeD,TypeA,TypeD,184,468,932,239,42,861,705,TypeB,TypeD,TypeB,2025-12-15,2025-01-15,531,917,435,500,848,259,713,TypeD,1,287,619,0,1,826,880,61,974,355,537,360,911,510,570,718,130,TypeB,429,1,860,0,230,79,579,134,1,1,1,1,955,3,826,658,538,TypeD,218,518,865,TypeA,787,TypeC,947,138,550,272,1,86.94359965374451,82.92865530056713,TypeA,449,915,0
472,864,TypeA,TypeB,TypeA,401,732,292,229,25,575,22,TypeB,TypeB,TypeB,2025-08-05,2025-06-27,580,994,408,932,400,283,284,TypeC,1,720,659,0,0,306,489,946,634,485,68,907,973,630,817,490,194,TypeA,791,1,956,0,967,658,855,912,0,0,0,1,483,64,506,9,864,TypeC,445,214,623,TypeD,323,TypeA,163,343,396,246,0,76.49585068230624,-32.31235842200149,TypeA,413,381,0
63,711,TypeD,TypeB,TypeD,330,75,794,579,39,310,474,TypeB,TypeA,TypeC,2025-11-02,2025-08-06,218,964,483,598,182,626,980,TypeB,1,114,137,1,0,542,19,963,650,211,573,110,273,73,407,494,316,TypeA,498,0,699,0,172,919,413,148,1,1,0,0,259,29,82,574,524,TypeD,765,718,6,TypeB,594,TypeB,811,105,557,176,0,51.42044697800745,89.33342476414066,TypeD,330,444,0
139,820,TypeA,TypeB,TypeC,785,4,811,51,803,885,120,TypeB,TypeB,TypeC,2025-02-02,2025-12-16,102,537,664,234,991,875,173,TypeC,0,480,923,0,1,702,726,830,115,704,541,192,920,282,217,314,984,TypeC,540,1,289,1,87,182,546,336,0,0,1,0,324,372,599,697,72,TypeB,222,67,236,TypeC,181,TypeC,541,546,913,628,1,-31.359682125788716,62.19921518944193,TypeB,732,33,1
499,489,TypeD,TypeB,TypeC,508,847,283,609,131,243,210,TypeC,TypeD,TypeD,2025-07-17,2025-05-11,554,79,17,602,618,40,327,TypeC,0,22,674,0,1,869,197,314,932,44,383,904,58,916,930,606,785,TypeD,747,1,915,0,553,499,609,71,1,1,1,1,869,523,2,29,645,TypeD,383,396,127,TypeB,499,TypeB,165,380,464,317,0,57.06008702957351,19.972709897805842,TypeA,889,260,0
593,929,TypeD,TypeB,TypeD,852,646,69,604,498,493,306,TypeB,TypeB,TypeB,2025-07-15,2025-03-30,288,580,645,314,729,486,718,TypeA,0,349,428,0,0,537,891,161,674,541,19,93,328,960,26,375,864,TypeC,367,0,540,0,123,798,169,233,1,0,0,1,168,97,204,893,106,TypeB,881,612,104,TypeA,320,TypeD,849,110,675,783,1,-16.41725689118894,-82.7775683530183,TypeC,991,234,1
392,936,TypeB,TypeC,TypeA,984,118,660,264,229,366,270,TypeB,TypeA,TypeB,2025-11-02,2025-12-27,167,173,148,566,205,929,63,TypeC,0,726,452,1,1,112,450,331,713,571,683,862,731,360,815,639,144,TypeD,313,0,891,0,843,762,681,334,1,1,1,1,688,870,662,114,732,TypeB,592,12,749,TypeA,83,TypeB,698,944,450,705,1,-31.18084233209187,72.2604293169083,TypeA,147,515,0
675,640,TypeD,TypeA,TypeB,69,881,11,418,108,330,704,TypeC,TypeA,TypeB,2025-08-28,2025-07-22,621,956,277,12,582,220,73,TypeB,1,683,612,0,1,411,990,528,234,583,450,568,109,10,5,937,16,TypeD,538,0,692,1,298,866,663,811,0,1,0,1,310,442,805,462,885,TypeC,7,237,915,TypeD,303,TypeB,566,545,331,662,1,44.07576452393033,10.337270267577551,TypeC,259,859,1
419,551,TypeB,TypeC,TypeC,546,606,254,803,172,107,687,TypeD,TypeA,TypeB,2025-09-28,2025-01-27,36,12,232,209,556,129,763,TypeA,1,835,850,1,1,947,559,338,540,92,74,60,279,211,986,25,302,TypeC,921,0,253,0,885,826,583,666,1,0,1,0,803,203,404,921,965,TypeB,272,834,480,TypeC,262,TypeB,295,354,253,131,0,-75.66229302832389,66.32570721649853,TypeD,292,308,0
289,338,TypeD,TypeD,TypeA,774,504,842,96,435,226,285,TypeA,TypeD,TypeB,2025-05-09,2025-08-31,744,800,826,974,841,520,636,TypeA,0,566,911,0,1,206,679,606,11,265,573,650,686,835,532,334,423,TypeB,54,0,126,1,929,708,515,90,1,0,0,0,479,411,103,143,689,TypeA,739,770,155,TypeA,784,TypeB,42,743,681,102,0,-81.2587098067809,60.197241583033616,TypeB,811,739,0
379,872,TypeC,TypeB,TypeA,53,998,872,88,478,825,716,TypeD,TypeD,TypeA,2025-10-11,2025-04-20,741,128,927,14,813,613,375,TypeD,1,906,819,0,0,185,452,304,206,895,939,39,328,152,390,355,245,TypeC,541,0,177,0,690,835,314,334,0,0,1,1,56,993,536,390,282,TypeA,16,399,257,TypeC,200,TypeA,924,317,963,310,0,-9.368334507386592,59.941118736195506,TypeA,143,796,1
773,641,TypeC,TypeA,TypeB,450,947,550,78,102,218,676,TypeC,TypeC,TypeC,2025-01-06,2025-08-27,353,608,366,633,228,928,633,TypeD,1,810,141,0,0,382,289,503,679,220,665,540,776,5,710,116,927,TypeC,467,1,37,1,575,71,32,199,0,0,0,0,620,21,368,632,133,TypeA,424,407,235,TypeC,240,TypeC,285,266,285,782,1,-9.785015852010858,35.67129492868291,TypeB,993,70,0
490,779,TypeC,TypeB,TypeC,205,574,134,288,866,937,763,TypeA,TypeD,TypeA,2025-12-15,2025-06-13,676,92,228,418,696,892,508,TypeC,0,320,83,1,0,496,141,650,247,902,276,49,315,195,571,48,107,TypeA,865,0,410,0,484,248,287,161,0,0,1,1,473,551,212,682,534,TypeC,524,925,500,TypeC,914,TypeA,939,694,274,292,1,71.2159475514903,-37.545275038311246,TypeA,937,454,1
231,988,TypeD,TypeA,TypeC,126,441,712,120,524,753,227,TypeC,TypeA,TypeB,2025-02-28,2025-04-29,899,653,651,437,619,688,787,TypeD,1,126,177,1,1,379,84,338,559,925,48,420,474,954,448,738,88,TypeA,164,1,611,0,165,146,594,538,0,1,0,1,296,735,577,157,975,TypeA,803,849,289,TypeC,692,TypeA,387,852,20,722,0,-67.29244266819298,-29.491153605986426,TypeC,747,439,0
41,953,TypeB,TypeC,TypeA,747,194,23,814,275,506,948,TypeC,TypeA,TypeD,2025-12-16,2025-01-19,73,543,436,377,596,619,943,TypeD,0,277,198,0,1,47,694,550,758,442,211,637,111,283,754,778,129,TypeC,782,0,610,1,699,618,43,121,1,0,0,0,461,102,961,335,269,TypeC,753,480,510,TypeC,944,TypeA,138,65,239,495,0,-67.8088930585657,-34.47554173511646,TypeB,627,825,0
28,473,TypeB,TypeA,TypeA,43,847,815,491,613,259,381,TypeB,TypeD,TypeD,2025-10-02,2025-04-13,648,846,399,20,850,613,398,TypeD,1,976,624,1,1,886,391,639,127,401,855,13,699,464,146,99,907,TypeC,334,1,127,1,383,775,903,301,1,0,1,1,324,46,209,861,412,TypeC,21,647,552,TypeB,683,TypeB,187,333,270,361,1,-63.45853191451779,-86.39172008413836,TypeA,365,364,1
135,946,TypeD,TypeD,TypeB,752,715,346,912,44,888,460,TypeA,TypeB,TypeB,2025-05-17,2025-06-21,353,532,211,587,250,260,120,TypeA,0,204,568,0,1,740,591,275,147,400,920,992,781,113,388,459,887,TypeA,547,1,483,0,209,296,617,724,1,0,1,1,814,66,763,260,673,TypeA,690,222,800,TypeD,295,TypeA,910,513,418,338,0,-84.64747296697153,14.862403658666011,TypeD,90,983,0
201,151,TypeC,TypeD,TypeB,971,392,302,452,955,774,7,TypeB,TypeD,TypeB,2025-11-25,2025-02-12,891,658,391,912,875,990,934,TypeA,1,194,972,1,1,551,215,164,118,727,651,36,935,271,785,523,341,TypeD,798,1,168,1,739,582,1,575,1,0,0,0,846,603,897,82,619,TypeB,939,156,709,TypeC,512,TypeC,716,133,945,579,1,-77.08828719331649,35.790060680285904,TypeC,720,766,1
840,415,TypeC,TypeA,TypeC,883,26,363,500,817,517,29,TypeA,TypeD,TypeD,2025-06-24,2025-05-26,70,989,499,755,441,966,437,TypeA,1,681,691,1,0,528,526,443,911,991,622,101,229,163,249,597,4,TypeC,348,0,592,0,432,470,573,963,0,0,0,0,141,164,117,754,791,TypeD,228,654,785,TypeB,689,TypeA,431,592,310,10,0,28.77657602922703,63.69587883453664,TypeB,164,481,0
780,990,TypeB,TypeA,TypeD,111,435,396,165,957,773,907,TypeC,TypeA,TypeA,2025-02-27,2025-11-30,425,828,540,735,533,366,829,TypeD,0,664,421,0,1,504,215,319,382,899,994,794,497,460,526,405,327,TypeB,273,0,294,0,389,506,270,436,1,1,0,1,667,971,628,441,865,TypeC,785,428,894,TypeA,881,TypeD,554,783,31,49,1,-12.314820758848342,-64.77022199110854,TypeA,481,144,0
930,298,TypeC,TypeA,TypeC,761,173,218,182,17,54,33,TypeC,TypeC,TypeA,2025-05-31,2025-07-30,999,447,563,70,196,758,676,TypeA,0,547,401,0,1,22,403,589,412,789,695,86,156,105,462,214,410,TypeB,963,0,845,0,560,193,180,68,1,0,0,1,262,111,749,945,747,TypeA,288,158,776,TypeC,396,TypeB,862,753,826,487,0,47.44855207584246,7.952966815824311,TypeB,84,24,0
33,611,TypeA,TypeA,TypeA,663,300,141,469,330,47,646,TypeD,TypeA,TypeB,2025-08-11,2025-10-05,708,390,491,824,690,787,936,TypeD,0,696,698,0,0,213,128,504,664,576,540,516,473,693,13,685,879,TypeB,720,0,638,1,224,68,736,765,1,0,1,0,785,338,478,172,18,TypeC,809,977,569,TypeA,749,TypeD,416,540,104,623,0,88.66758934469885,-88.55853467871908,TypeA,77,965,0
48,263,TypeB,TypeD,TypeC,183,645,616,910,569,727,879,TypeA,TypeC,TypeA,2025-03-22,2025-01-16,781,672,442,211,929,544,465,TypeA,0,286,471,0,1,310,822,686,584,858,709,223,701,556,903,903,306,TypeC,750,1,343,0,3,494,518,922,1,0,0,1,420,123,105,231,754,TypeB,134,416,298,TypeC,138,TypeC,800,735,682,321,1,28.626242597820237,-72.88314341206869,TypeC,673,425,0
503,764,TypeC,TypeB,TypeD,848,326,958,735,823,689,79,TypeB,TypeA,TypeD,2025-08-21,2025-05-16,561,861,261,101,987,649,286,TypeA,1,57,218,1,0,661,477,387,363,804,191,338,272,282,384,503,908,TypeD,414,0,310,1,372,817,103,459,0,1,0,1,744,705,495,720,117,TypeB,984,326,610,TypeB,839,TypeC,426,535,186,731,1,-80.91799728837773,-80.24188604292125,TypeD,517,746,0
407,144,TypeB,TypeA,TypeB,95,410,210,823,497,521,928,TypeD,TypeD,TypeA,2025-01-02,2025-10-28,828,43,773,698,519,524,265,TypeB,1,734,925,1,0,968,760,970,509,490,315,960,887,687,556,721,607,TypeD,500,1,662,0,687,52,10,514,1,1,0,0,241,447,771,75,798,TypeA,283,371,137,TypeB,878,TypeC,416,496,128,569,1,-71.17868434421852,40.58604612278765,TypeC,485,845,0
574,346,TypeA,TypeA,TypeD,971,118,985,944,815,99,947,TypeD,TypeA,TypeB,2025-05-15,2025-01-21,642,254,350,132,70,907,320,TypeC,0,303,929,1,0,753,404,870,137,485,901,166,2,162,887,448,721,TypeA,93,1,528,1,446,882,583,398,1,0,1,0,355,611,46,270,794,TypeC,404,344,376,TypeB,823,TypeC,26,621,210,795,0,68.5807352666474,-75.40927850203143,TypeB,590,175,1
728,624,TypeB,TypeD,TypeD,374,836,993,978,12,20,459,TypeD,TypeA,TypeD,2025-09-14,2025-11-06,956,130,352,623,639,814,673,TypeD,1,163,828,0,0,272,29,833,175,757,563,383,758,983,399,894,225,TypeC,685,0,540,1,611,363,90,620,1,0,0,0,849,291,823,899,144,TypeD,665,262,87,TypeD,129,TypeA,371,619,414,971,1,4.949270020487077,38.96153668058221,TypeB,603,844,0
805,572,TypeB,TypeD,TypeD,912,787,623,7,318,890,570,TypeB,TypeA,TypeA,2025-04-02,2025-07-02,517,60,520,381,399,887,376,TypeB,0,19,987,0,0,571,792,888,289,470,661,856,722,351,19,576,971,TypeD,79,0,419,0,116,797,226,286,0,1,1,0,770,671,331,626,717,TypeD,66,283,419,TypeA,49,TypeB,385,657,281,625,1,58.47068869123319,-45.06755320609499,TypeA,599,325,0
99,881,TypeB,TypeC,TypeB,520,724,616,330,592,753,983,TypeD,TypeD,TypeC,2025-09-17,2025-06-14,428,663,320,132,978,16,820,TypeA,0,370,729,1,1,799,338,603,958,574,780,895,511,434,575,258,348,TypeC,622,0,444,1,270,917,670,561,0,1,1,0,761,412,216,62,551,TypeC,649,850,754,TypeD,676,TypeC,56,369,959,133,0,64.19022052048669,67.9883329254491,TypeC,782,869,0
684,2,TypeB,TypeA,TypeD,900,225,828,775,216,573,538,TypeB,TypeD,TypeD,2025-02-24,2025-11-12,539,467,138,20,672,129,89,TypeD,1,264,632,0,0,938,831,750,481,938,562,376,913,852,491,844,992,TypeA,217,1,685,0,447,474,740,140,1,1,1,0,589,615,982,874,929,TypeC,604,856,199,TypeC,789,TypeD,253,866,253,583,1,76.98141746991345,56.366997905486556,TypeA,104,671,1
872,897,TypeA,TypeC,TypeD,360,532,683,673,339,891,482,TypeD,TypeD,TypeD,2025-11-17,2025-03-05,160,287,550,906,760,575,654,TypeA,1,794,951,1,0,202,714,776,19,844,900,471,286,140,751,121,321,TypeA,947,0,558,0,368,846,917,730,1,0,1,1,180,897,960,320,666,TypeC,437,229,463,TypeA,293,TypeC,634,909,19,83,1,80.96925698754583,82.40943914554978,TypeC,452,860,1
726,304,TypeD,TypeD,TypeD,900,113,460,151,776,490,430,TypeB,TypeD,TypeC,2025-06-02,2025-10-25,149,517,623,536,203,109,203,TypeC,0,113,906,1,1,32,361,691,195,682,758,790,871,471,419,810,559,TypeA,358,1,840,0,253,521,126,556,1,0,1,1,66,281,492,102,688,TypeA,829,888,437,TypeB,628,TypeB,106,910,712,57,1,9.868643370595123,69.07716278244575,TypeB,487,348,0
987,254,TypeB,TypeD,TypeA,696,140,356,85,991,419,738,TypeC,TypeC,TypeC,2025-11-24,2025-05-12,776,467,992,227,148,887,821,TypeB,0,488,175,1,1,443,569,494,330,445,113,642,13,132,337,978,988,TypeB,618,0,236,0,317,763,956,929,0,1,1,0,820,43,813,429,961,TypeB,934,280,310,TypeA,536,TypeD,130,651,732,376,0,-28.616368993913902,77.99929544094252,TypeA,339,798,0
547,652,TypeB,TypeB,TypeD,281,559,324,147,661,690,285,TypeC,TypeC,TypeD,2025-09-17,2026-01-02,230,930,368,154,472,533,739,TypeC,0,327,23,1,0,162,392,490,936,269,170,31,608,87,419,54,181,TypeC,507,1,439,0,415,431,209,781,1,0,1,0,348,486,922,874,753,TypeD,259,870,596,TypeB,311,TypeD,849,796,136,349,0,83.13567738263976,64.5736313723954,TypeA,687,18,0
961,453,TypeC,TypeA,TypeB,195,1,133,624,81,850,516,TypeC,TypeB,TypeC,2025-11-08,2025-01-06,712,778,220,805,655,670,955,TypeB,1,542,725,1,1,767,218,721,175,267,468,375,498,688,915,331,618,TypeA,559,0,214,1,95,844,97,590,1,1,0,1,171,596,845,722,422,TypeA,980,290,754,TypeD,537,TypeD,670,810,223,271,0,8.533153080220544,34.808742110673975,TypeC,566,44,1
739,37,TypeB,TypeC,TypeD,864,90,888,381,727,62,977,TypeC,TypeD,TypeB,2025-04-12,2025-10-09,562,345,337,742,944,269,334,TypeA,1,647,917,0,1,254,574,73,449,54,678,11,733,183,916,784,711,TypeC,181,0,85,0,785,298,74,728,1,1,0,1,474,963,449,954,898,TypeC,966,680,281,TypeD,903,TypeA,376,992,3,483,1,-78.43450986817001,-59.35335261742153,TypeD,900,155,0
613,160,TypeC,TypeD,TypeD,195,654,805,915,485,145,99,TypeC,TypeC,TypeB,2025-03-20,2025-12-12,67,642,223,469,199,162,222,TypeC,1,579,235,0,0,521,669,509,925,528,921,988,238,368,612,241,386,TypeB,576,1,794,1,892,435,627,894,0,1,1,1,534,703,536,255,369,TypeC,103,47,323,TypeB,639,TypeC,743,99,963,111,0,25.6997790107757,-41.09264660626327,TypeC,478,867,1
943,9,TypeD,TypeD,TypeB,667,320,840,548,374,216,397,TypeD,TypeA,TypeB,2025-07-11,2025-07-10,812,382,648,822,917,260,41,TypeC,1,65,13,0,0,977,202,390,946,520,14,302,94,129,675,755,618,TypeB,246,0,744,1,24,696,191,610,1,0,0,0,367,51,511,532,646,TypeB,993,975,764,TypeB,234,TypeA,967,317,236,869,1,15.783255071101934,-51.709146096550846,TypeD,723,922,0
462,233,TypeA,TypeC,TypeD,93,550,127,285,976,3,489,TypeD,TypeD,TypeD,2025-03-24,2025-02-11,381,779,768,871,426,924,708,TypeA,0,292,101,1,1,651,17,619,354,616,715,96,338,246,928,530,792,TypeA,244,0,85,0,628,691,682,748,1,1,0,0,107,898,458,570,558,TypeC,567,715,702,TypeC,209,TypeD,308,123,854,887,1,71.24271712104706,18.645441778477007,TypeC,607,377,1
643,99,TypeA,TypeB,TypeB,672,805,106,700,710,160,39,TypeD,TypeB,TypeC,2025-10-04,2025-06-24,58,690,360,405,666,102,68,TypeC,0,25,929,1,0,480,322,857,499,59,288,190,781,601,122,483,772,TypeA,506,0,921,1,663,198,819,282,0,1,1,1,439,210,547,112,50,TypeA,769,214,951,TypeD,605,TypeA,91,320,465,76,1,27.573694048406253,0.6515888352482477,TypeB,223,743,1
769,659,TypeD,TypeD,TypeD,946,894,604,82,200,739,271,TypeB,TypeB,TypeC,2025-09-29,2025-06-16,259,253,921,202,492,506,988,TypeD,0,549,536,1,0,10,518,295,141,825,907,453,171,578,432,187,108,TypeD,422,0,489,0,850,128,960,661,0,0,0,0,835,126,536,985,678,TypeA,101,758,942,TypeD,94,TypeA,393,799,228,158,0,-27.17056359692075,66.07439948851626,TypeA,9,883,0
5,816,TypeA,TypeA,TypeB,61,139,799,514,537,998,887,TypeB,TypeB,TypeA,2025-01-01,2025-03-11,342,927,329,38,888,735,776,TypeB,0,1,876,1,1,726,570,369,758,40,189,192,981,670,44,858,531,TypeC,320,0,65,1,50,532,716,924,1,1,1,0,227,492,540,313,106,TypeB,198,24,152,TypeC,327,TypeA,534,593,913,532,0,83.92063062704767,81.48111596983361,TypeC,53,828,0
218,208,TypeD,TypeD,TypeD,634,511,378,897,466,781,797,TypeB,TypeA,TypeA,2025-11-03,2025-06-08,838,56,962,942,896,571,514,TypeB,0,911,523,0,0,505,325,956,897,237,914,486,606,899,872,656,410,TypeA,87,0,646,1,502,984,56,816,0,0,0,0,444,509,484,998,216,TypeA,813,321,994,TypeD,225,TypeC,802,495,654,933,1,54.29150747676604,-17.12521986873402,TypeB,77,402,0
503,131,TypeD,TypeA,TypeD,51,868,905,815,89,120,157,TypeB,TypeC,TypeC,2025-06-15,2025-06-14,130,463,463,772,142,247,873,TypeB,0,549,785,0,0,785,412,796,930,955,155,266,661,378,920,262,971,TypeD,217,0,663,1,718,411,720,996,1,1,1,1,442,960,976,461,658,TypeD,226,274,302,TypeB,967,TypeD,110,457,499,643,1,23.47517130864378,1.1430995905462282,TypeC,718,225,0
767,404,TypeD,TypeC,TypeA,403,845,51,709,268,893,75,TypeC,TypeA,TypeC,2025-09-08,2025-08-01,727,457,946,188,313,640,637,TypeD,1,141,452,1,0,836,318,865,93,386,567,424,624,149,317,953,296,TypeC,490,1,627,0,498,934,553,936,0,0,1,1,396,970,16,708,923,TypeA,943,556,278,TypeA,890,TypeD,561,522,521,329,0,-37.27346338743788,84.87294422474505,TypeA,503,217,0
398,152,TypeA,TypeA,TypeA,789,259,29,916,655,89,884,TypeC,TypeD,TypeC,2025-01-10,2025-08-01,172,983,963,57,165,795,622,TypeB,1,744,431,1,0,560,681,694,944,606,694,128,567,985,381,364,818,TypeA,519,1,64,1,335,840,32,578,0,1,0,0,728,581,571,887,425,TypeA,463,844,651,TypeA,792,TypeC,641,520,702,122,0,-22.76274666342681,-40.276990507834164,TypeC,316,568,0
871,54,TypeC,TypeC,TypeD,5,673,462,523,571,329,800,TypeC,TypeB,TypeD,2025-02-27,2025-06-06,770,83,561,941,314,837,598,TypeA,0,648,793,1,0,436,965,549,239,734,722,238,849,852,145,491,171,TypeD,278,0,343,0,79,65,527,746,1,1,0,0,581,777,977,462,72,TypeA,237,313,688,TypeD,11,TypeA,585,917,862,41,0,30.594586337398198,52.63033956458645,TypeD,814,31,0
795,120,TypeD,TypeA,TypeD,466,902,296,746,922,580,130,TypeA,TypeA,TypeC,2025-07-05,2025-03-09,614,905,804,20,21,537,937,TypeC,0,901,606,0,1,111,82,649,205,716,888,920,936,433,327,431,331,TypeD,849,0,939,1,582,694,574,457,1,1,1,0,84,258,243,865,988,TypeD,26,363,8,TypeC,329,TypeA,340,717,917,167,1,-77.04345267660209,-49.45681757965567,TypeA,822,869,1
393,673,TypeB,TypeC,TypeC,604,690,297,386,489,910,687,TypeD,TypeA,TypeA,2025-06-07,2025-08-10,209,99,382,273,82,131,632,TypeD,1,188,713,0,1,153,474,850,560,650,471,355,467,628,363,239,493,TypeC,722,0,875,1,27,241,667,87,1,1,1,0,615,930,950,92,842,TypeC,121,668,807,TypeB,12,TypeB,565,315,972,922,0,-43.79749350295258,32.662820776548955,TypeD,842,59,0
207,920,TypeA,TypeA,TypeB,682,10,726,707,877,357,974,TypeB,TypeC,TypeD,2025-05-03,2025-07-20,803,149,836,119,581,353,127,TypeB,1,128,533,0,0,635,468,568,433,300,75,940,628,726,50,304,195,TypeD,169,1,919,1,271,369,284,79,0,1,1,0,551,188,207,52,785,TypeA,910,380,235,TypeA,35,TypeB,979,946,677,642,0,38.50216801138765,-44.349187025058455,TypeB,624,892,0
15,628,TypeD,TypeB,TypeC,829,261,779,471,538,610,84,TypeB,TypeC,TypeC,2025-01-30,2025-04-05,354,329,590,583,131,196,255,TypeA,1,201,852,1,1,917,425,187,245,395,277,112,143,469,65,298,12,TypeC,330,1,352,1,562,536,721,205,1,0,0,1,13,230,912,805,759,TypeB,506,711,675,TypeB,447,TypeB,356,709,992,23,0,-3.5966682279682374,69.07200998964964,TypeB,863,898,1
858,587,TypeD,TypeA,TypeA,534,919,407,119,47,267,22,TypeC,TypeB,TypeA,2025-05-04,2025-10-22,471,156,617,516,599,793,695,TypeC,1,127,979,1,0,869,945,853,832,207,940,828,201,446,355,76,195,TypeC,650,0,158,0,804,384,832,791,1,0,0,0,809,189,271,520,446,TypeD,182,919,561,TypeD,452,TypeC,892,710,139,279,1,-17.569158333402584,11.066029872601831,TypeC,165,353,0
554,625,TypeB,TypeA,TypeA,405,650,769,396,288,617,459,TypeB,TypeA,TypeD,2025-10-18,2025-08-01,798,190,169,221,730,916,16,TypeC,0,257,723,0,0,102,731,770,317,336,645,446,180,481,800,700,490,TypeC,441,1,589,0,247,431,494,337,1,1,0,0,825,415,761,812,925,TypeB,711,981,302,TypeD,740,TypeD,168,542,276,763,0,-62.73762796792539,-56.531944642610775,TypeD,279,935,0
892,968,TypeC,TypeB,TypeA,838,172,814,532,778,952,539,TypeB,TypeA,TypeC,2025-02-10,2025-01-04,116,494,217,526,933,930,477,TypeD,0,676,652,1,0,753,689,445,925,593,343,343,714,884,164,333,795,TypeB,391,0,491,1,776,967,187,254,1,1,0,0,693,10,994,98,186,TypeA,814,674,38,TypeA,220,TypeB,557,479,291,469,1,-10.467173794008133,-49.61354837427252,TypeD,27,445,0
461,420,TypeC,TypeD,TypeA,513,898,613,261,16,323,707,TypeD,TypeC,TypeC,2025-02-13,2025-05-29,264,883,378,515,984,666,62,TypeD,0,547,293,0,0,833,204,570,295,730,425,145,364,294,141,900,881,TypeD,496,0,658,1,591,83,498,304,1,1,1,1,493,114,779,236,70,TypeB,767,907,136,TypeD,441,TypeD,452,913,53,400,1,48.724554736842094,-1.1071447725419574,TypeA,70,235,0
691,422,TypeC,TypeD,TypeD,645,13,405,805,711,635,849,TypeC,TypeA,TypeC,2025-09-06,2025-08-16,662,263,119,728,305,382,881,TypeD,0,194,810,1,0,191,583,363,640,514,571,65,479,765,966,999,182,TypeC,381,0,855,0,387,982,442,380,0,0,1,1,268,76,705,901,974,TypeA,634,470,822,TypeC,653,TypeD,905,971,687,9,1,-42.47768770705926,83.0883646034782,TypeD,218,107,1
575,104,TypeD,TypeA,TypeA,233,168,346,934,401,988,382,TypeD,TypeA,TypeD,2025-02-05,2025-10-29,812,80,190,741,915,645,432,TypeA,0,703,913,0,1,729,387,123,856,178,511,247,565,143,826,758,962,TypeA,306,0,463,0,702,831,130,130,1,0,1,0,525,676,847,374,150,TypeD,543,746,421,TypeD,535,TypeD,105,20,110,13,0,-89.02826240693807,48.53558949905781,TypeD,962,191,1
864,852,TypeD,TypeB,TypeD,524,642,622,256,919,541,748,TypeA,TypeA,TypeA,2025-09-30,2025-12-05,442,400,767,336,371,227,670,TypeA,1,104,101,1,1,563,778,188,282,396,857,735,471,250,128,642,817,TypeB,742,1,225,0,559,697,639,596,1,1,1,1,120,502,730,581,246,TypeB,984,675,219,TypeD,595,TypeC,150,560,715,924,0,30.330882207176913,-2.1042642913478744,TypeA,365,992,0
743,254,TypeD,TypeA,TypeD,346,596,420,734,794,649,440,TypeA,TypeC,TypeA,2025-03-06,2025-08-31,548,764,370,698,857,701,268,TypeD,0,535,502,0,0,804,98,742,17,371,182,991,384,878,398,474,656,TypeB,987,1,917,0,973,951,292,276,0,0,0,1,970,85,115,927,774,TypeB,315,116,348,TypeD,229,TypeC,146,969,948,923,0,85.07278879785946,-29.210553978800924,TypeA,701,530,0
241,227,TypeA,TypeC,TypeA,46,321,182,905,981,195,604,TypeA,TypeB,TypeB,2025-03-07,2025-08-21,453,609,778,55,853,476,35,TypeB,1,265,304,0,1,81,345,680,71,858,458,490,692,948,933,827,898,TypeD,820,0,313,1,361,828,114,699,1,1,1,1,353,49,580,557,538,TypeA,991,605,808,TypeB,935,TypeC,716,130,648,819,1,19.228781445944918,8.868328802719674,TypeD,845,913,1
564,112,TypeB,TypeC,TypeA,546,319,983,226,86,921,989,TypeC,TypeD,TypeC,2025-12-04,2025-04-25,845,260,149,500,384,477,779,TypeC,0,802,871,0,0,489,803,420,269,791,918,825,926,975,880,923,316,TypeC,673,1,615,1,866,611,199,558,1,1,1,1,57,495,299,649,935,TypeA,797,42,546,TypeB,344,TypeC,874,293,4,832,0,-68.41406539311657,44.70495001715153,TypeC,947,738,0
96,510,TypeD,TypeA,TypeB,945,613,825,53,250,738,21,TypeB,TypeB,TypeB,2025-09-01,2025-09-07,477,772,676,900,908,265,576,TypeC,0,942,540,0,1,895,208,626,325,658,851,439,417,302,463,283,694,TypeD,513,1,919,0,984,574,13,899,1,1,0,1,40,838,837,234,652,TypeC,618,796,864,TypeA,80,TypeB,299,897,667,52,1,-32.26804337795885,51.107145921504014,TypeA,306,679,1
